"fico_range_low","fico_range_high","installment","int_rate","loan_amnt","annual_inc"
695,699,867.86,15.1,25000,68900
665,669,819.9,21.49,30000,70000
665,669,863.13,17.14,34625,150000
695,699,573.82,24.24,19850,63000
780,784,486.97,6.03,16000,80000
725,729,673.79,12.99,20000,66000
685,689,381.23,12.88,16800,65000
685,689,262.43,14.49,7625,75000
710,714,844.52,13.18,25000,90000
660,664,510.07,9.17,16000,90000
700,704,553.42,20.49,20675,46000
685,689,323.82,19.99,12225,34000
670,674,155.47,13.98,4550,72000
775,779,480.44,7.26,15500,182000
730,734,431.77,6.92,14000,110000
690,694,315.53,15.8,9000,91000
665,669,149.29,16.78,4200,43000
720,724,317.54,8.9,10000,50000
690,694,374.54,10.64,11500,47341
755,759,491.01,10.99,15000,67000
675,679,540.96,20.99,20000,87000
680,684,531.82,12.05,16000,50868
665,669,268.36,12.69,8000,31680
665,669,379.76,8.67,12000,65000
670,674,445.22,16.78,18000,48000
675,679,344.95,14.65,10000,74000
690,694,409.25,12.12,12300,55000
715,719,224.07,9.45,7000,93000
685,689,358.27,12.29,16000,83000
670,674,717.07,17.57,28500,65000
660,664,344.07,14.47,10000,90000
780,784,457.79,16.49,18625,55000
750,754,321.13,9.67,10000,36000
710,714,654.68,10.99,20000,95000
705,709,185.98,7.26,6000,80000
715,719,1179.12,12.99,35000,130000
675,679,139.86,15.61,4000,45960
730,734,1140.07,10.65,35000,156000
680,684,1043.2,15.22,30000,2e+05
670,674,472.46,13.11,14000,49000
670,674,163.38,9.17,5125,65000
685,689,581.34,24.08,20175,45000
680,684,413.94,14.65,12000,92000
700,704,706.01,16.29,20000,120000
695,699,442.43,16.49,18000,103000
760,764,610.62,6.24,20000,150000
680,684,367.19,19.52,14000,175000
700,704,726.48,24.5,25000,220000
685,689,191.28,9.17,6000,61000
735,739,111.14,8.9,3500,14500
680,684,331.15,14.65,9600,27000
705,709,249.12,15.31,10400,44000
675,679,519.68,14.96,15000,171996
675,679,309.73,17.14,17475,52518.72
700,704,154.53,14.33,4500,70000
740,744,197.78,11.47,6000,1e+05
660,664,192.17,9.49,6000,26000
690,694,248.82,7.49,8000,150000
685,689,156.46,7.9,5000,1e+05
690,694,1195.88,13.98,35000,250000
710,714,257.8,9.91,8000,35000
660,664,262.08,18.49,7200,1e+05
665,669,108.82,18.24,3000,110000
695,699,278.39,7.12,9000,115000
715,719,318.15,16.29,13000,125000
735,739,1145.69,10.99,35000,105000
670,674,323.8,11.99,9750,35000
715,719,789.04,12.59,35000,133000
660,664,471.16,15.61,13475,60800
670,674,727.87,14.99,21000,113000
690,694,1163.96,12.99,34550,84000
685,689,373.67,15.31,15600,65000
705,709,869.66,16.99,35000,145000
715,719,768.28,6.68,25000,57000
665,669,420.42,15.31,12075,34524
685,689,975.64,22.45,35000,162400
710,714,159.92,12.21,4800,64000
710,714,197.13,7.9,6300,50000
690,694,826.24,14.65,35000,91600
700,704,239.18,13.98,7000,110000
740,744,215.6,17.56,6000,83245
695,699,632.87,11.47,19200,52000
675,679,174.83,15.61,5000,18000
695,699,548.59,12.29,24500,49000
710,714,164.02,11.14,5000,38400
675,679,393.42,19.52,15000,64500
715,719,434.01,15.61,18000,65000
750,754,643.28,17.27,17975,47340
660,664,216.05,10.99,6600,75000
725,729,815.25,12.79,36000,110000
660,664,296.92,11.53,9000,36000
700,704,343.99,13.35,15000,80000
725,729,244,7.88,7800,43000
725,729,252.88,8.59,8000,52000
720,724,170.44,6.03,5600,58000
720,724,451.73,5.32,15000,108000
665,669,364.85,14.33,10625,32000
735,739,58.45,18.75,1600,57800
720,724,660,11.55,20000,1e+05
685,689,404.97,13.11,12000,35000
695,699,143.49,16.99,4025,10104
710,714,392.81,10.99,12000,60000
740,744,686.57,14.31,20000,56000
730,734,477.71,12.99,21000,47000
675,679,966.47,21.99,35000,180000
670,674,367.14,15.61,10500,56270
730,734,429.03,6.49,14000,85000
690,694,571.34,13.65,16800,102000
700,704,200.7,12.49,6000,24727
715,719,473.95,13.33,14000,115000
755,759,404.33,7.49,13000,148000
720,724,303.36,7.89,15000,120000
675,679,811.73,22.99,28800,95000
745,749,578.71,8.9,18225,42000
710,714,413.88,14.64,12000,110000
675,679,270.28,17.77,7500,38000
710,714,244.25,16.2,10000,67000
700,704,260.48,6.49,8500,110000
665,669,506.49,14.33,14750,55000
730,734,952.5,13.67,28000,104000
705,709,353.45,9.71,11000,43000
680,684,329.23,18.85,9000,180000
680,684,84.23,12.99,2500,1e+05
700,704,752.35,12.29,33600,110000
685,689,409.11,16.2,16750,90000
705,709,226.91,15.77,6475,80000
690,694,550.82,12.99,16350,72000
710,714,385.97,15.99,25000,157000
725,729,841.61,9.17,26400,225000
685,689,551.55,8.39,17500,98000
665,669,262.8,7.89,8400,90000
715,719,625.32,11.36,19000,48600
720,724,616.29,8.59,29975,124999
670,674,450.59,22.95,16000,52000
660,664,219.6,19.19,5975,78260
660,664,614.61,13.35,18150,72000
695,699,498.15,11.99,15000,150000
675,679,309.72,9.99,9600,91657
735,739,908.03,8.18,28900,125000
680,684,254.11,14.33,7400,28000
770,774,777.78,7.51,25000,65800
735,739,588.26,16.99,23675,164000
665,669,42.52,16.55,1200,30000
720,724,478.19,9.17,15000,70000
700,704,326.16,10.74,10000,90000
695,699,458.28,10.99,14000,48000
675,679,1207.3,14.65,35000,5e+05
700,704,432.09,6.97,14000,60000
670,674,487.74,21.48,17850,62000
670,674,212.39,14.16,6200,42000
705,709,195.81,15.61,5600,60000
690,694,1054.57,15.99,30000,1e+05
660,664,292.44,20.49,10925,36000
670,674,351.53,15.99,10000,55000
700,704,127.67,9.25,4000,45000
675,679,1092.72,28.14,35000,130000
700,704,247.13,14.3,7200,44000
670,674,218.4,18.49,6000,35000
750,754,596.54,6.03,19600,55000
720,724,517.48,10.16,16000,70000
675,679,452.45,8.18,14400,46000
700,704,543.48,14.99,22850,52000
675,679,513.96,22.95,18250,57500
705,709,448.71,17.14,18000,65500
660,664,239.21,13.99,7000,78000
680,684,239.06,15.22,10000,70000
700,704,252.43,15.8,7200,34000
755,759,122.82,6.62,4000,88000
685,689,207.97,14.99,6000,20000
665,669,328.03,18.99,8950,25000
670,674,272.15,13.67,8000,83000
695,699,657.1,7.9,21000,130000
685,689,538.73,11.55,16325,37000
670,674,880.61,17.57,35000,175000
720,724,873.25,10.16,27000,1e+05
675,679,373.6,17.1,15000,48814
700,704,266.06,20.2,10000,52000
670,674,156.46,7.9,5000,45000
680,684,296.38,6.99,9600,150000
735,739,632.94,17.86,25000,75000
730,734,521.18,16.99,20975,41999
680,684,377.7,26.06,12600,30000
660,664,268.98,12.85,8000,105000
715,719,1099.69,8.18,35000,260000
680,684,1257.63,17.56,35000,160000
680,684,864.78,17.76,24000,98000
690,694,324.68,15.31,9325,40000
720,724,1127.78,10.15,34875,140000
660,664,165.44,14.59,4800,60000
670,674,69.33,14.99,2000,74000
715,719,296.1,8.9,9325,28000
765,769,500.3,12.29,15000,1e+05
695,699,420.6,18.75,16300,45300
695,699,134.49,12.85,4000,58000
730,734,475.86,12.99,14125,47000
700,704,855.54,14.09,25000,65000
680,684,336.9,12.99,10000,64000
700,704,279.16,13.99,12000,82000
740,744,339.88,9.99,16000,150000
675,679,776.58,23.99,27000,57000
675,679,343.06,14.26,10000,1e+05
750,754,622.04,7.49,20000,54833.52
690,694,664.2,11.99,20000,67350
675,679,301.58,13.99,8825,60000
765,769,285.42,14.99,12000,46860
755,759,779.04,7.62,25000,85000
680,684,249.54,16.99,7000,52000
680,684,98.53,11.22,3000,53000
675,679,791.43,23.13,28000,87500
730,734,185.98,7.26,6000,52000
660,664,246.01,13.98,7200,28800
680,684,343.84,13.33,15000,55000
675,679,67.27,12.87,2000,38000
710,714,1094.9,12.99,32500,108500
680,684,166.09,15.61,4750,50000
670,674,374.75,20.49,14000,65000
760,764,154.37,6.99,5000,24000
660,664,461.86,14.99,13325,120000
660,664,371.66,15.8,15350,45000
775,779,291.15,8.67,9200,58000
730,734,793.84,8.9,25000,93600
680,684,886.11,17.86,35000,150000
725,729,277.05,13.65,12000,70079.2
715,719,573.06,13.33,25000,70000
715,719,301.43,15.99,8575,65000
670,674,484.86,11.99,14600,83500
685,689,289.02,9.67,9000,90000
660,664,691.76,19.52,26375,60000
705,709,207.95,12.12,6250,68400
735,739,176.13,10.74,5400,10800
690,694,250.29,7.89,8000,60000
695,699,408.48,18.25,16000,40000
805,809,375.49,7.9,12000,75000
695,699,185.98,7.26,6000,38000
675,679,733.02,18.99,20000,80000
725,729,458.28,10.99,14000,105000
690,694,796.18,12.99,35000,104000
725,729,182.62,6.03,6000,50000
675,679,203.18,13.35,6000,38393
675,679,1003.47,12.49,30000,72200
700,704,154.93,10.74,4750,18000
735,739,661.93,19.97,25000,110000
705,709,253.29,17.88,10000,45000
665,669,189.61,21.48,5000,40000
675,679,546.6,21.49,20000,60000
665,669,355.84,11.99,16000,63000
660,664,281.41,24.5,7125,41500
720,724,911.92,10.64,28000,97100
710,714,967.61,23.43,34025,72000
665,669,410.02,13.98,12000,65000
690,694,543.34,18.99,20950,50000
705,709,432.04,22.74,11200,60000
685,689,100.06,12.29,3000,65000
690,694,333.82,12.35,10000,50000
705,709,1047.49,10.99,32000,110000
690,694,242.98,13.11,7200,45000
710,714,762.08,8.9,24000,71000
680,684,327.34,10.99,10000,64374
795,799,608.72,6.03,20000,91000
660,664,229.14,10.99,7000,27500
705,709,229.64,11.14,7000,97000
680,684,296.15,16.2,8400,32000
740,744,209.5,10.99,6400,51400
670,674,465.6,20.2,17500,39000
720,724,198,11.55,6000,85000
690,694,471.21,13.05,13975,39600
680,684,260.41,15.61,10800,60000
680,684,462.42,9.67,14400,60000
700,704,398.52,11.99,12000,52000
660,664,648.38,18.99,25000,120000
690,694,324.42,10.37,10000,54996
775,779,456.54,6.03,15000,130000
670,674,365.3,18.75,10000,70000
670,674,299.45,12.12,9000,47000
730,734,165.38,11.71,5000,35000
685,689,420.86,12.39,12600,70000
690,694,464.58,9.99,14400,72000
685,689,467.59,18.75,12800,50400
670,674,393.54,11.99,11850,27000
675,679,261.21,18.25,7200,40000
690,694,289.07,18.24,11325,50000
665,669,573.88,16.29,23450,70000
720,724,532.8,12.18,16000,120000
735,739,334.73,9.17,10500,29750
715,719,1091.83,9.67,34000,130000
660,664,194.03,10.15,6000,55000
660,664,823.72,19.72,22250,64000
765,769,644.78,6.62,21000,90000
675,679,326.4,21.97,8550,74000
670,674,37.42,20.49,1000,75000
670,674,339.31,13.49,10000,55000
720,724,440.03,16.24,18000,60240
710,714,386.7,9.91,12000,97000
680,684,693.12,14.98,20000,50000
690,694,595.23,13.66,17500,90000
690,694,323.43,10.16,10000,85000
675,679,105.18,15.8,3000,46000
680,684,201.27,12.69,6000,84000
710,714,507.95,13.35,15000,65000
705,709,108.38,9.67,3375,48000
715,719,839.8,13.99,24575,76000
705,709,236.2,11.14,7200,42000
665,669,678.87,21.18,25000,64000
675,679,429.45,17.27,12000,95000
680,684,960.71,21.7,35000,117000
730,734,685.55,7.62,22000,120000
690,694,327.34,10.99,10000,90000
660,664,268.45,14.49,7800,120000
775,779,772.24,15.65,32000,104000
665,669,157.13,10.99,4800,50000
665,669,278.47,22.4,10000,79000
750,754,870.44,15.31,25000,2e+05
670,674,516.11,18.99,19900,75000
720,724,580.72,11.55,26375,60000
770,774,456.54,6.03,15000,82000
700,704,328.06,11.14,10000,87194
690,694,770.81,18.55,30000,90000
665,669,611.1,13.53,18000,65000
680,684,350.59,15.8,10000,48000
690,694,683.46,13.99,20000,72000
735,739,249.3,7.62,8000,130000
700,704,927.1,19.99,35000,175000
805,809,182.62,6.03,6000,128000
665,669,314.69,15.61,9000,34000
680,684,491.01,10.99,15000,70000
735,739,566.32,9.71,17625,70000
710,714,469.36,7.9,15000,90000
680,684,565.64,8.19,18000,55000
660,664,492.74,22.11,17800,84000
660,664,206.97,14.65,6000,48000
660,664,332.1,11.99,10000,48408
660,664,180.24,13.98,5275,60000
665,669,215.77,14.99,6225,108000
705,709,323.43,10.16,10000,45000
670,674,340.23,13.68,10000,40000
690,694,232.47,11.99,7000,122400
700,704,497.04,21.99,18000,36000
660,664,421.15,18.24,16500,65000
680,684,243.42,15.22,7000,205000
720,724,275.57,11.14,8400,30000
725,729,368.45,6.62,12000,75000
755,759,432.22,6.99,14000,41000
715,719,485.72,11.67,22000,120000
685,689,539.06,17.57,15000,86000
685,689,395.89,11.53,12000,72000
690,694,400.24,12.29,12000,40000
700,704,758.79,7.9,24250,1e+05
745,749,697.46,7.49,24000,133000
725,729,586,14.33,25000,70000
680,684,91.94,6.49,3000,67000
690,694,898.43,17.57,25000,68900
715,719,232.29,9.99,7200,83000
680,684,699.3,15.61,20000,120000
700,704,385.34,6.89,12500,89000
720,724,446.35,7.26,14400,35000
670,674,316.71,11.53,9600,54000
675,679,316.55,14.09,9250,65000
685,689,911.78,19.2,35000,109000
725,729,735.31,17.57,29225,61000
735,739,542.28,12.69,24000,93500
675,679,928.97,19.99,25000,65000
710,714,1003.47,12.49,30000,275000
660,664,318.79,9.17,10000,60000
675,679,667.06,12.29,20000,61465
700,704,79.11,11.47,2400,125000
685,689,383.25,15.31,16000,65000
690,694,67.09,12.69,2000,92607
680,684,202.14,12.99,6000,84996
685,689,210.92,13.11,6250,22000
660,664,1250.43,28.14,30175,125000
680,684,595.03,11.67,18000,90000
725,729,320.47,12.35,9600,79456
685,689,386.59,21.99,14000,50000
780,784,499.1,7.69,16000,93000
665,669,251.75,15.61,7200,70000
755,759,413.03,8.94,13000,60000
690,694,499.08,12.12,15000,78000
720,724,334.39,12.12,10050,30000
675,679,404.97,13.11,12000,60000
675,679,356.17,18.75,9750,35000
715,719,136.09,13.68,4000,41000
665,669,157.13,8.19,5000,45000
705,709,1012.41,13.11,30000,113879
685,689,765.19,19.52,29175,65000
720,724,153.23,6.49,5000,65000
695,699,541.87,16.29,15350,50000
680,684,123.03,13.99,3600,30000
740,744,234.99,12.74,7000,110000
680,684,734.4,12.35,22000,52000
800,804,1174.91,12.74,35000,168500
690,694,610.62,6.24,20000,80000
695,699,736.17,18.49,20225,145000
675,679,82.02,13.99,2400,63348
705,709,881.9,16.24,25000,102000
700,704,635.07,8.9,20000,125000
665,669,293.7,11.55,8900,32100
695,699,774.91,7.26,25000,135000
670,674,637.58,9.17,20000,63000
675,679,176.85,18.99,4825,14376
660,664,204.05,13.65,6000,50000
680,684,328.4,21.99,8600,40320
735,739,456.49,10.99,21000,75000
720,724,506.21,13.11,15000,71369
710,714,293.67,16.29,12000,1e+05
685,689,284.32,12.49,8500,66000
685,689,382.94,22.2,10000,35256
680,684,289.34,15.61,12000,53264
700,704,376.12,14.46,16000,165000
705,709,359.38,17.57,10000,68000
690,694,399.97,17.27,16000,55000
690,694,489.51,15.61,14000,65780
705,709,886.1,8.67,28000,150000
710,714,989.14,11.49,30000,182000
660,664,261.88,10.99,8000,32000
695,699,584.96,10.49,18000,70000
695,699,488.49,16.2,20000,60000
670,674,304.13,11.67,9200,69000
660,664,327.34,10.99,10000,45000
680,684,226.75,16.55,6400,37500
680,684,548.71,18.85,15000,145000
705,709,616.22,11.53,28000,69305
665,669,341.68,13.98,10000,38000
680,684,450.46,24.99,15350,60000
675,679,149.73,12.12,4500,70000
680,684,162.29,20.99,6000,36396
690,694,1223.77,15.61,35000,145000
675,679,539.03,12.99,16000,90000
670,674,665.44,12.12,20000,80000
680,684,496.76,22.99,17625,49000
690,694,469.29,7.89,15000,115000
695,699,293.67,16.29,12000,68000
675,679,246.05,13.99,7200,47400
715,719,103.99,12.69,3100,35031
665,669,122.04,18.55,3350,53000
705,709,1170.71,12.49,35000,260000
670,674,527.16,11.44,16000,1e+05
665,669,437.65,15.99,12450,160000
715,719,292.42,14.46,8500,45000
675,679,809.93,13.11,24000,150000
665,669,600.11,16.29,17000,130000
770,774,451.73,5.32,15000,120000
685,689,654.68,10.99,20000,62000
810,814,107.26,6.49,3500,46000
690,694,166.36,12.12,5000,55500
730,734,939.96,25.83,31500,241000
700,704,881.12,15.61,25200,102500
670,674,300.18,12.29,9000,60000
660,664,121.69,15.21,3500,17280
660,664,210.24,17.57,5850,60000
825,829,673.55,13.67,19800,121000
675,679,601.26,21.49,22000,50000
675,679,328.74,12.69,9800,35000
705,709,535.79,8.39,17000,80000
665,669,399.9,15.22,11500,35000
675,679,393.44,15.31,11300,42000
685,689,336.9,12.99,10000,55120
665,669,669.19,20.49,25000,88000
750,754,288.38,6.03,9475,62000
680,684,576.27,15.61,23900,52000
680,684,76.85,22.45,2000,65000
700,704,391.56,16.29,16000,51000
715,719,926.71,19.97,35000,125000
715,719,1223.77,15.61,35000,85000
755,759,305.31,6.24,10000,40000
680,684,362.56,18.92,14000,95000
670,674,269.52,12.99,8000,46000
670,674,209.79,15.61,6000,30000
675,679,727.98,18.49,20000,150000
660,664,168.45,12.99,5000,51000
670,674,332.72,12.12,10000,99000
815,819,301.63,8.18,9600,46000
675,679,340.18,13.67,10000,65000
710,714,1304.3,20.2,35000,2e+05
685,689,137.36,14.33,4000,55000
680,684,542.89,13.49,16000,49578
735,739,571.56,8.9,18000,70600
685,689,595.03,11.67,18000,80580
675,679,192.36,17.27,5375,19000
665,669,195.75,15.59,5600,42000
705,709,165.67,11.83,5000,60000
710,714,589.91,16.49,24000,90000
705,709,776.11,10.15,24000,195000
690,694,339.31,13.49,10000,45000
675,679,375.14,19.2,14400,76000
690,694,411.87,12.85,12250,55000
730,734,494.22,11.44,15000,90000
665,669,366.63,10.99,11200,55000
705,709,843.68,13.11,25000,102000
690,694,736.89,6.62,24000,1e+05
715,719,221.07,6.62,7200,87882
665,669,600.67,14.3,17500,85000
665,669,311.02,7.49,10000,59000
710,714,1036.85,8.18,33000,95000
720,724,31.3,7.9,1000,40000
680,684,521.46,19.24,20000,85000
720,724,437.09,12.85,13000,70000
710,714,583.52,24.7,20000,106000
720,724,370.59,12.99,11000,89000
695,699,225.84,9.99,7000,20000
670,674,265.68,11.99,8000,48000
665,669,338.54,13.33,10000,68000
720,724,882.47,8.39,28000,82000
660,664,360.83,17.86,10000,45000
745,749,161.32,9.99,5000,60000
715,719,851.09,10.99,26000,155000
690,694,99.72,12.05,3000,21000
660,664,262.67,17.86,10375,26000
685,689,785.62,10.99,24000,64000
670,674,101.91,13.57,3000,70000
695,699,400.24,12.29,12000,1e+05
680,684,545.99,18.49,15000,42000
680,684,689.3,14.59,20000,66690
675,679,368.73,18.39,14400,82296
660,664,85.04,13.66,2500,40000
685,689,273.58,10.64,8400,28000
750,754,254.85,6.62,8300,54000
675,679,282.65,20.99,10450,1e+05
770,774,219.14,6.03,7200,30000
690,694,498.15,11.99,15000,55000
665,669,358.77,13.98,10500,70000
670,674,161.32,9.99,5000,46478
670,674,77.44,14.49,2250,98000
710,714,372.65,12.12,11200,57000
675,679,274.36,18.85,7500,106000
680,684,81.25,10.49,2500,55000
715,719,125.13,7.88,4000,56800
660,664,33.55,12.69,1000,64000
690,694,352.56,16.2,10000,55000
675,679,233.48,9.16,7325,40000
660,664,123.9,14.49,3600,23000
705,709,358.43,10.36,11200,72000
670,674,704.49,17.57,28000,1e+05
665,669,461.39,29.49,14400,48000
660,664,687.42,10.99,21000,75000
665,669,149.29,7.49,4800,38000
690,694,561.01,18.55,15400,35000
730,734,244.07,7.9,7800,27000
710,714,658.95,11.44,20000,121000
750,754,762.08,8.9,24000,160000
780,784,773.44,11.71,35000,88000
695,699,1274.98,9.16,40000,90000
710,714,906.38,18.92,35000,76446
720,724,184.51,11.44,5600,105000
695,699,448.33,11.99,13500,62104
735,739,815.61,12.87,24250,135000
675,679,699.95,17.27,28000,132000
665,669,336.22,12.85,10000,25000
760,764,311.11,7.51,10000,175000
720,724,344.19,18.92,9400,93000
745,749,96.37,5.32,3200,30000
685,689,541.65,13.33,16000,60000
700,704,474.14,8.59,15000,155000
740,744,375.38,7.88,12000,52000
775,779,409.28,8.39,20000,70000
795,799,518.84,8.99,25000,80000
665,669,377.41,17.57,15000,60000
705,709,348.56,11.14,10625,32000
660,664,188.81,15.61,5400,83000
660,664,343.56,17.27,9600,30000
690,694,805.66,12.74,24000,99500
660,664,554.57,14.99,16000,1e+05
665,669,583.67,16.29,23850,53888
675,679,523.75,10.99,16000,91228
665,669,325.48,12.35,9750,30000
720,724,774.91,7.26,25000,111634
675,679,732.52,15.61,20950,54000
660,664,323.42,12.99,9600,140000
710,714,840.91,12.88,25000,68000
660,664,619.55,23.91,21575,54480
740,744,690.15,13.49,30000,1e+05
675,679,327.42,25.78,8150,24000
680,684,211.55,7.26,6825,56000
710,714,638.67,13.11,28000,90000
665,669,239.79,14.16,7000,97000
690,694,537.95,12.85,16000,50000
665,669,131.04,18.49,3600,138000
695,699,349.29,8.9,11000,85000
660,664,424.8,16.49,12000,60500
700,704,682.07,12.12,20500,95650
660,664,312.86,18.24,8625,45000
730,734,793.84,8.9,25000,76000
705,709,569.91,11.53,17275,62000
660,664,220.55,19.2,6000,60000
665,669,281.8,17.57,11200,56519
660,664,449.39,17.86,17750,125000
690,694,866.1,7.12,28000,78000
660,664,341.73,13.99,10000,120000
680,684,635.07,8.9,20000,177000
665,669,285.99,11.48,8675,120000
675,679,691.55,24.08,24000,160000
675,679,467.43,7.62,15000,92000
725,729,225.48,9.88,7000,53000
690,694,227.49,10.49,7000,79100
680,684,400.99,12.42,12000,77000
730,734,258.75,13.98,11125,24800
740,744,250.33,7.9,8000,75000
670,674,507.95,13.35,15000,52000
695,699,492.18,21.18,18125,97000
720,724,156.46,7.9,5000,39000
675,679,219,7.89,7000,72000
665,669,560.15,15.7,16000,70000
670,674,229.87,15.33,6600,30000
720,724,317.54,8.9,10000,52000
695,699,573.06,13.33,25000,140000
740,744,336.27,7.88,10750,33600
780,784,329.69,11.48,10000,32647.6
730,734,365.23,6.03,12000,128000
690,694,169.27,13.33,5000,58000
660,664,765.78,14.65,22200,53000
680,684,217.38,10.99,10000,58240
660,664,168.04,18.75,4600,55000
740,744,68.33,7.39,2200,68000
685,689,79.96,11.49,2425,86400
710,714,265.91,12.05,8000,60000
705,709,196.41,10.99,6000,70000
735,739,486.97,6.03,16000,205000
680,684,151.87,13.11,4500,29061
665,669,205.04,13.99,6000,77000
700,704,465.16,13.98,20000,45000
665,669,421.18,15.88,12000,210000
675,679,377.71,14.65,16000,85000
695,699,693.21,14.99,20000,140000
730,734,680.36,13.67,20000,52000
705,709,665.44,12.12,20000,52000
665,669,285.14,12.69,8500,35000
660,664,759.74,23.83,26500,70000
660,664,216.44,18.75,5925,26928
755,759,221.42,6.03,7275,49000
690,694,889.58,11.99,40000,1e+05
670,674,1005.05,26.06,24925,60000
680,684,49.82,11.99,1500,60000
690,694,170.09,13.67,5000,50000
725,729,416.82,9.17,20000,55000
675,679,729.93,13.53,21500,49222
695,699,431.85,8.9,13600,75000
690,694,124.41,7.49,4000,51852
700,704,352.08,13.33,10400,72000
665,669,200.12,12.29,6000,43500
670,674,842.23,12.99,25000,135000
675,679,175.34,9.17,5500,36888
665,669,336.57,15.8,9600,75000
675,679,101.25,13.11,3000,17000
675,679,398.52,11.99,12000,69750
750,754,216.58,7.14,7000,47000
660,664,287.02,22.15,7500,36000
740,744,322.07,13.49,14000,27840
705,709,1262.88,17.86,35000,70000
710,714,698.58,8.9,22000,102000
725,729,491.51,9.25,15400,51000
755,759,161.71,12.99,4800,22000
665,669,321.13,9.67,10000,48000
675,679,340.81,20.99,12600,48000
700,704,860.42,19.42,32875,87600
685,689,341.73,13.99,10000,60000
720,724,973.87,11.99,29325,84000
685,689,266.18,12.12,8000,55000
755,759,181.16,6.62,5900,69000
695,699,775.84,11.14,23650,126000
720,724,387.48,15.81,16000,67200
680,684,472.54,16.55,19200,75000
675,679,314.2,8.18,10000,96000
720,724,566.44,14.64,24000,96000
660,664,418.12,19.52,11325,38000
660,664,93.61,16.59,3800,59410
660,664,1269.73,18.25,35000,146000
755,759,197.84,6.03,6500,37200
685,689,897.37,13.35,26500,110000
670,674,197.83,11.49,6000,450000
725,729,842.23,12.99,25000,85000
695,699,364.57,17.86,14400,115000
705,709,327.96,21.49,12000,45000
695,699,541.87,18.75,21000,150000
665,669,374.14,20.49,10000,50000
775,779,210.81,5.32,7000,1e+05
700,704,690.46,10.64,21200,48000
660,664,193.08,27.88,4675,9360
690,694,55.03,19.05,1500,83263
680,684,164.74,11.44,5000,33500
680,684,684.24,7.49,22000,72000
685,689,1257.8,17.57,35000,92000
705,709,379.39,11.53,11500,40000
765,769,1103.09,8.39,35000,120000
660,664,178.94,17.27,5000,65000
730,734,390.68,19.19,15000,33400
675,679,557.13,20.2,14950,57200
760,764,431.16,15.31,18000,60000
720,724,790.82,12.69,35000,102000
695,699,535.35,20.49,20000,60000
675,679,251.61,17.57,10000,75000
730,734,582.17,10.16,18000,80000
720,724,390.83,10.64,12000,85000
730,734,497.68,20.99,18400,40000
675,679,224.61,17.57,6250,26000
665,669,1153.19,17.77,32000,181000
765,769,115.03,13.49,5000,30000
690,694,330.23,12.12,9925,33000
665,669,225.44,12.59,10000,65000
695,699,421.18,15.88,12000,55000
675,679,520.69,14.16,15200,71700
665,669,278.19,15.22,8000,70000
710,714,332.72,12.12,10000,32000
700,704,423.82,19.99,16000,32000
680,684,737.48,19.72,28000,106661.2
670,674,269.23,17.14,10800,53000
670,674,108.25,17.86,3000,27108
735,739,298.67,7.51,9600,80000
685,689,559.44,15.61,16000,83000
710,714,510.6,18.25,20000,110000
665,669,657.06,14.09,19200,98000
715,719,623.88,7.69,20000,148000
730,734,339.23,13.47,10000,75000
695,699,116.43,13.11,3450,17554.8
690,694,1207.3,14.65,35000,195000
715,719,335.45,12.69,10000,90000
700,704,159.59,9.25,5000,75000
725,729,84.51,13.22,2500,31323
675,679,172.48,14.65,5000,55000
690,694,378.39,17.77,10500,46000
665,669,337.81,13.18,10000,45000
695,699,481.82,20.49,18000,57000
670,674,201.74,12.85,6000,37891
690,694,509.5,17.57,20250,45000
730,734,57.18,13.23,2500,12000
705,709,168.45,12.99,5000,28000
660,664,56.9,21.49,1500,51729
695,699,733.38,16.24,30000,225000
725,729,187.75,7.9,6000,60000
790,794,451.97,6.03,14850,48000
670,674,574.11,13.99,16800,84000
660,664,349.72,18.55,9600,112000
670,674,287.02,13.98,8400,59000
690,694,391.56,18.54,10750,30000
750,754,421.23,9.76,13100,55000
710,714,428.26,12.12,19200,80000
670,674,664.85,19.05,18125,68000
750,754,39.29,10.99,1200,42000
660,664,307.34,18.99,11850,110000
705,709,980.65,22.7,35000,120000
705,709,100.12,7.89,3200,96000
765,769,280.07,5.32,9300,120000
715,719,76.64,10,2375,9600
730,734,644.78,6.62,21000,114000
720,724,233.15,18.55,6400,38245
680,684,168.04,18.75,4600,20000
750,754,503.18,12.69,15000,80000
785,789,193.07,6.49,6300,25000
750,754,617.99,7.9,19750,48000
750,754,474.24,11.53,14375,36826.8
660,664,438.37,11.99,13200,56000
660,664,410.08,13.99,12000,44000
675,679,180.19,17.77,5000,140000
660,664,365.31,11.99,11000,30000
670,674,688.48,14.33,20050,69500
695,699,170.38,13.79,5000,34500
680,684,712.97,23.99,18175,75000
670,674,301.36,20.99,8000,68000
685,689,408.1,13.65,12000,75000
720,724,481.58,14.65,20400,54200
680,684,178.24,16.99,5000,20800
715,719,405.72,20.99,15000,30000
675,679,375,13.98,10975,55000
675,679,301.93,17.57,12000,53300
740,744,635.07,8.9,20000,160000
730,734,195.83,7.99,6250,85000
690,694,334.49,12.49,10000,140000
720,724,63.76,7.49,2050,50000
740,744,171.39,7.62,5500,70000
710,714,259.42,10.99,7925,92000
680,684,494.86,11.53,15000,225000
690,694,633.72,20.49,23675,61000
760,764,158.77,8.9,5000,55000
670,674,424.94,14.33,12375,60560
670,674,367.39,13.67,10800,49000
665,669,598.89,12.12,18000,45000
665,669,509.76,16.49,14400,68000
705,709,205.52,9.67,6400,40000
675,679,659.81,11.53,20000,57600
660,664,312.55,19.19,12000,36000
715,719,306.12,13.66,9000,170000
660,664,260.91,12.49,7800,90000
750,754,279.1,13.98,12000,3e+05
660,664,375.94,17.99,10400,40000
745,749,327.34,10.99,10000,49200
670,674,117,10.49,3600,60000
755,759,216.18,10.75,10000,89000
680,684,446.21,14.3,13000,62500
745,749,661.85,8.39,21000,127500
720,724,815.19,17.57,32400,67000
710,714,95.26,8.9,3000,40000
760,764,551.44,10.16,17050,38400
665,669,348.29,14.98,10050,50000
720,724,1188.25,13.53,35000,104000
670,674,240.22,9.49,7500,32000
660,664,178.92,16.55,5050,65000
685,689,62.37,13.99,1825,40000
660,664,76.59,22.2,2000,65500
685,689,118.44,11.34,7500,35000
660,664,157.81,18.25,4350,35000
710,714,693.51,13.11,20550,55000
680,684,265.97,7.9,8500,140000
680,684,201.74,12.85,6000,60000
705,709,343.36,19.52,9300,177300
695,699,330.57,11.67,10000,72000
675,679,465.27,13.99,20000,60000
665,669,798.51,16.99,22400,56000
680,684,278.19,15.22,8000,73672
665,669,641.83,13.33,28000,78000
700,704,317.54,8.9,10000,50000
670,674,257.67,17.27,7200,55000
665,669,542.52,23.63,19000,52000
695,699,528,11.55,16000,67000
690,694,537.04,23.13,19000,45000
665,669,563.24,22.95,20000,102000
690,694,301.15,5.32,10000,132000
695,699,380.5,22.99,13500,45000
715,719,699.3,15.61,20000,74000
690,694,749.94,17.27,30000,89000
705,709,119.77,15.31,5000,60000
720,724,457.25,8.9,14400,157500
770,774,105.57,11.53,3200,40000
730,734,819.78,11.11,25000,72000
660,664,263.93,11.53,8000,115000
705,709,388.11,10.16,12000,45000
660,664,258.1,9.99,8000,55000
660,664,544.96,19.47,20800,123500
675,679,568.7,12.99,25000,117000
745,749,483.94,9.99,15000,75000
665,669,289.21,15.59,12000,60000
695,699,552.46,14.72,16000,1e+05
680,684,424.98,17.27,11875,35000
735,739,225.84,9.99,7000,105000
695,699,232.06,10.16,7175,50000
670,674,100.35,12.49,3000,28800
695,699,882.47,8.39,28000,95000
685,689,410.02,13.98,12000,75580
675,679,942.94,20.8,35000,1e+05
680,684,914.91,14.98,26400,125000
665,669,642.06,18.55,17625,70000
710,714,638.25,18.25,25000,103000
765,769,924.81,6.89,30000,5e+05
680,684,595.33,19.99,22475,45000
675,679,34.01,13.65,1000,25000
670,674,127.97,15.8,3650,43000
755,759,309.34,15.99,8800,65000
735,739,370.72,10.99,11325,33000
735,739,476.3,8.9,15000,78900
730,734,688.39,7.9,22000,75000
675,679,654.68,10.99,20000,124000
690,694,157.65,11.22,4800,80000
695,699,1115.77,9.17,35000,149000
670,674,556.19,13.67,16350,54000
665,669,547.95,18.75,15000,75000
710,714,235.83,12.99,7000,36000
685,689,164.96,11.53,5000,28000
665,669,131.97,11.53,4000,52000
795,799,182.62,6.03,6000,48000
690,694,207.74,20.25,7800,95000
695,699,925.91,6.97,30000,183136
665,669,399.26,12.12,12000,115000
665,669,388.07,15.88,16000,73000
780,784,321.86,6.03,10575,51000
660,664,109.86,14.31,3200,37000
695,699,348.18,15.31,10000,33280
755,759,467.43,7.62,15000,70000
715,719,94.93,10.99,2900,45000
670,674,564.1,16.2,16000,62000
760,764,175.3,15.8,5000,26004
680,684,872.48,17.14,35000,269156
670,674,229.04,17.27,6400,28000
725,729,241.57,10.36,18000,57000
680,684,423.07,18.24,16575,78000
745,749,50.87,6.89,1650,75000
705,709,450.58,7.9,14400,145000
680,684,222.89,19.97,6000,32000
695,699,684.68,13.33,20225,46000
680,684,110.97,14.47,3225,65000
705,709,517.41,10.15,16000,95000
710,714,1139.9,10.64,35000,106000
765,769,187.75,7.9,6000,68000
695,699,602.3,5.32,20000,145000
780,784,121.38,7.9,6000,85000
680,684,90.55,10.15,2800,2e+05
685,689,316.26,11.44,14400,55000
665,669,387.78,23.13,10000,40000
735,739,314.96,9.49,15000,52000
770,774,91.8,6.39,3000,36000
705,709,401.97,12.59,12000,80000
790,794,161.25,12.79,4800,35000
660,664,66.9,12.49,2000,1e+05
750,754,159.38,9.16,5000,32000
665,669,175.93,14.65,5100,52120
695,699,269.98,13.11,8000,39000
665,669,534.43,18.55,20800,70000
665,669,323.83,6.92,10500,65000
675,679,342.22,14.09,10000,50000
680,684,68.52,14.16,2000,60000
710,714,345.78,24.08,12000,82000
715,719,35.26,16.2,1000,56447
675,679,471.3,8.18,15000,98000
720,724,352.25,17.57,14000,55000
685,689,684.26,14.98,28775,60000
680,684,431.18,17.56,12000,70000
675,679,599.31,18.25,23475,56000
820,824,289.11,5.32,9600,130000
715,719,330.27,11.55,15000,139000
670,674,125.77,17.56,3500,40250
750,754,368.45,6.62,12000,90000
735,739,382.63,12.12,11500,35226.71
660,664,287.5,17.57,8000,85000
675,679,293.67,16.29,12000,37000
660,664,660.99,14.65,28000,87000
715,719,747.88,7.62,24000,88000
665,669,362.78,18.25,10000,53500
700,704,792.88,24.11,27500,55000
665,669,263.58,11.44,8000,66000
710,714,395.37,11.44,12000,42000
690,694,143.75,17.57,4000,60000
740,744,750.97,7.9,24000,84500
725,729,232.84,14.65,6750,36000
695,699,186.97,7.62,6000,140000
665,669,425.16,16.55,12000,55000
675,679,539.03,12.99,16000,150000
685,689,523.31,13.98,22500,60000
685,689,1006.24,17.57,28000,140000
690,694,764.05,17.86,21175,55203
775,779,623.23,7.62,20000,75000
725,729,520.52,15.31,14950,43000
670,674,243.73,15.31,7000,32000
775,779,498.59,7.62,16000,83000
665,669,169.45,16.29,4800,95000
695,699,540.96,20.99,20000,75000
680,684,330.63,13.99,9675,65000
680,684,358.05,11.55,10850,32752
690,694,419.33,18.25,16425,33000
710,714,577.44,13.67,25000,141000
675,679,637.58,9.17,20000,1e+05
715,719,768.28,6.68,25000,65000
675,679,314.2,8.18,10000,106839
680,684,445.46,13.11,13200,84000
735,739,171.62,14.3,5000,20416.32
675,679,273.32,16.99,11000,57500
675,679,374.9,15.59,10725,1e+05
680,684,298.35,13.99,12825,44000
695,699,629.37,15.61,18000,55000
665,669,895.88,18.54,34875,95000
710,714,385.58,9.71,12000,96000
680,684,512.52,13.98,15000,3e+05
660,664,293.71,15.61,8400,177000
685,689,245.51,10.99,7500,28000
720,724,690.41,12.29,20700,45000
760,764,774.1,18.75,30000,70000
680,684,572.6,17.27,16000,55000
705,709,747.88,7.62,24000,164700
725,729,111.81,7.39,3600,148000
690,694,194.6,23.4,5000,96000
695,699,306.36,18.25,12000,105000
770,774,547.84,6.03,18000,70000
680,684,536.81,17.27,15000,38000
750,754,177.89,10.16,5500,36500
685,689,92.8,7.12,3000,14000
740,744,730.46,6.03,24000,175000
810,814,334.8,6.03,11000,190000
660,664,181.3,18.21,5000,45000
680,684,328.67,24.99,11200,60000
680,684,207.95,12.12,6250,55000
710,714,193.27,9.88,6000,120000
765,769,156.6,5.32,5200,43000
710,714,665.44,12.12,20000,112215.93
705,709,762.92,24.08,19425,90000
710,714,160.51,9.64,5000,130000
745,749,780.71,10.99,23850,75000
690,694,263.93,11.53,8000,55000
700,704,318.49,9.62,9925,88000
685,689,674.94,13.11,20000,65000
665,669,522.5,23.83,18225,50000
675,679,420.71,15.8,12000,52000
750,754,250.33,7.9,8000,45852
690,694,306.3,18.24,12000,85000
670,674,436.79,18.49,12000,50000
715,719,425.55,10.99,13000,59000
710,714,456.54,6.03,15000,57000
680,684,882.47,8.39,28000,135000
660,664,291.44,18.55,8000,95000
670,674,392.81,10.99,12000,68000
660,664,275.96,14.65,8000,1e+05
735,739,524.68,6.97,17000,83000
715,719,516.1,14.47,15000,85000
695,699,213.89,16.99,6000,37500
675,679,693.21,14.99,20000,90000
750,754,477.21,18.99,18400,51000
670,674,474.7,8.67,15000,57000
665,669,328.43,11.22,10000,80000
675,679,454.96,12.99,20000,95000
690,694,232.92,11.14,7100,26880
665,669,303.81,17.86,12000,50000
710,714,330.24,8.9,10400,48000
670,674,289.47,16.29,8200,50000
685,689,721.54,8.67,22800,105000
700,704,458.25,16.29,18725,42588
665,669,369.5,11.53,11200,75000
670,674,401.12,21.15,10625,70000
665,669,168.45,12.99,5000,25000
695,699,628.39,8.18,20000,85000
685,689,396.69,11.67,12000,80000
660,664,755.74,16.99,21200,67000
680,684,133.53,12.35,4000,73882
685,689,284.41,14.83,12000,48000
710,714,476.3,8.9,15000,95000
670,674,249.13,15.61,7125,25000
760,764,482.32,9.76,15000,114000
715,719,330.57,11.67,10000,67000
715,719,270.98,9.17,8500,75000
675,679,566.56,14.65,24000,145000
670,674,870.95,11.53,26400,92500
725,729,249.83,9.49,7800,75000
725,729,614.08,6.62,20000,160000
665,669,554.57,14.99,16000,40000
675,679,312.55,19.19,12000,1e+05
685,689,821.58,20.99,30375,1e+05
665,669,407.64,12.99,12100,64700
690,694,379.63,24.08,13175,44000
680,684,190.52,8.9,6000,63648
710,714,1176.83,23.99,30000,110000
705,709,479.84,16.78,13500,55000
665,669,418.12,12.49,12500,33000
710,714,381.55,8.99,12000,98000
675,679,651.84,13.53,19200,170000
725,729,315.17,8.39,10000,86000
670,674,332.72,12.12,10000,500009
660,664,453.05,20.99,16750,42000
695,699,678.87,21.18,25000,109096
680,684,197.95,11.53,6000,60000
675,679,304.2,17.27,8500,25000
685,689,106.47,12.12,3200,60000
700,704,614.62,6.68,20000,147800
660,664,119.05,13.66,3500,60000
675,679,305.75,18.49,8400,98000
745,749,381.64,6.24,12500,72000
660,664,553.84,11.48,16800,40000
730,734,456.54,6.03,15000,136524
665,669,580.45,18.25,16000,103000
695,699,697.9,13.99,30000,97000
670,674,772.17,9.8,24000,120000
735,739,696.19,8.9,21925,55000
705,709,254.03,8.9,8000,68000
665,669,667.06,12.29,20000,150000
685,689,994.73,23.4,35000,175000
670,674,172.09,14.49,5000,62000
705,709,635.07,8.9,20000,90000
735,739,440.16,11.53,20000,84400
710,714,183.71,11.14,5600,55000
690,694,288.3,17.77,8000,28350
665,669,108.36,17.93,3000,42000
700,704,982.02,10.99,30000,2e+05
735,739,158.77,8.9,5000,35000
695,699,654.68,10.99,20000,51000
695,699,129.07,10,4000,26004
685,689,359.38,17.57,10000,102000
700,704,582.26,29.99,18000,75000
680,684,157.56,8.38,5000,49000
710,714,386.66,6,20000,70000
710,714,179.94,9.71,5600,50000
675,679,255.72,11.99,7700,57000
720,724,332.72,12.12,10000,56000
660,664,787.43,12.39,23575,120000
735,739,644.78,6.62,21000,75000
670,674,285.19,16.99,8000,64000
705,709,259.99,11.14,7925,58303
705,709,581.09,15.8,24000,62000
685,689,854.2,13.98,25000,94910
690,694,340.23,13.68,10000,55000
710,714,202.76,7.69,6500,71000
675,679,507.23,17.77,14075,42000
660,664,378.95,17.76,15000,75000
665,669,450.53,14.98,13000,47500
665,669,538.99,17.56,15000,45000
725,729,531.94,7.9,17000,90001
685,689,332.1,11.99,10000,50000
690,694,536.7,16.99,21600,95000
700,704,249.98,17.27,10000,50000
670,674,585.74,24.89,20000,120000
670,674,38.56,15.58,1600,110000
685,689,406.66,13.99,11900,85000
670,674,130.57,15.31,3750,30000
710,714,521.7,10.99,24000,78000
745,749,77.19,6.99,2500,48500
715,719,197.95,11.53,6000,58681
715,719,694.2,11.67,21000,124000
725,729,635.07,8.9,20000,57000
685,689,166.77,12.29,5000,73928
675,679,540.56,17.77,15000,90000
725,729,457.26,12.85,13600,125000
785,789,304.36,6.03,10000,47000
710,714,166.05,11.99,5000,15372
695,699,155.23,10.15,4800,55000
745,749,372.12,7.29,12000,115000
765,769,185.19,6.97,6000,45000
710,714,335.56,10.16,10375,55000
670,674,511.19,13.33,15100,71500
685,689,275.72,14.59,8000,41600
720,724,357.95,12.99,10625,45800
725,729,257.2,9.75,8000,198000
725,729,393.85,13.99,11525,40536
745,749,239.21,13.99,7000,87000
715,719,557.69,11.14,17000,48300
680,684,143.73,14.09,4200,35000
675,679,1257.8,17.57,35000,123000
660,664,1030.15,14.33,30000,136500
725,729,335.56,10.16,10375,30000
665,669,513.65,18.55,14100,36000
675,679,485.07,10.15,15000,450000
710,714,522.66,9.99,16200,60000
675,679,560.84,11.53,17000,50630
700,704,311.71,25.57,10500,72000
720,724,772.29,18.64,30000,61000
680,684,310.47,14.85,8975,59000
705,709,341.22,12.99,15000,65000
715,719,456.91,13.18,20000,83000
690,694,357.88,17.27,10000,56000
660,664,931.19,20.2,35000,95000
670,674,997.38,15.61,28525,72000
675,679,94.18,20.99,2500,65000
685,689,42.19,15.99,1200,71000
695,699,588.04,19.99,15825,36000
670,674,57.85,11.66,3000,33000
725,729,442.43,16.49,18000,94000
685,689,251.59,12.69,7500,32000
715,719,1262.88,17.86,35000,92000
700,704,341.09,14.49,14500,75000
665,669,314.2,8.18,10000,69000
735,739,1412.02,16.29,40000,2e+05
660,664,510.27,13.67,15000,53000
675,679,171.7,14.33,5000,52000
660,664,349.65,15.61,10000,43981.92
735,739,635.07,8.9,20000,68000
690,694,665.44,12.12,20000,60000
730,734,277.71,7.9,8875,45000
710,714,393.67,11.14,12000,129000
700,704,271.08,12.68,12000,60000
705,709,422.36,7.89,13500,72600
730,734,125.17,7.9,4000,180000
690,694,343.39,14.33,10000,65000
665,669,478.9,20.49,12800,40000
690,694,100.06,12.29,3000,36196
665,669,227.88,15.8,6500,40000
710,714,81,13.11,2400,38000
695,699,402.57,17.57,16000,70000
700,704,615.11,13.99,18000,180000
675,679,580.73,9.99,18000,73400
665,669,141.8,16.59,4000,74000
680,684,354.03,14.64,15000,50000
725,729,187.75,7.9,6000,65000
705,709,85.36,17.57,2375,5440
690,694,1195.88,13.98,35000,85000
690,694,708.08,13.05,21000,85000
670,674,349.65,15.61,10000,59563
730,734,856.54,16.29,35000,115000
690,694,321.13,9.67,10000,90000
680,684,583.5,15.61,24200,73200
670,674,212.58,16.55,6000,44000
670,674,282.09,14.46,12000,48000
725,729,398.52,11.99,12000,85000
685,689,230.98,13.67,10000,65000
660,664,253.04,17.99,7000,31000
695,699,750.97,7.9,24000,1e+05
670,674,972.01,15.1,28000,150000
750,754,623.23,7.62,20000,74000
665,669,665.14,20.2,25000,85000
690,694,815.45,16.99,22875,52032
680,684,1025.05,24.89,35000,120000
705,709,452.89,17.57,18000,70000
730,734,444.19,13.98,13000,90000
725,729,263.7,11.47,8000,130800
715,719,365.96,8.9,11525,102000
665,669,704.62,22.99,25000,157595
685,689,424.23,8.19,13500,55831
660,664,387.66,19.52,10500,62000
670,674,328.06,13.99,9600,52000
695,699,1043.78,25.8,35000,250000
665,669,168.45,12.99,5000,54000
725,729,622.66,17.1,25000,120000
700,704,173.1,12.49,5175,65000
685,689,476.25,13.67,14000,70000
675,679,203.7,13.53,6000,106000
710,714,87.07,18.25,2400,30000
670,674,427.78,16.99,12000,72800
695,699,499.08,12.12,15000,140000
710,714,637.41,6.49,20800,104679
690,694,519.37,19.05,20000,150000
695,699,349.43,18.49,9600,75000
685,689,256.78,15.31,7375,45000
700,704,268.7,12.29,12000,75500
680,684,310.49,10.16,9600,124000
790,794,622.22,7.51,20000,95000
665,669,242.57,12.99,7200,78900
680,684,102.67,14.09,3000,43000
690,694,379.39,11.53,11500,34827
680,684,244.69,15.59,7000,60000
680,684,459.28,11.14,14000,65000
740,744,412.8,8.9,13000,60000
730,734,250.25,7.88,8000,60000
675,679,117.85,10.99,3600,40000
715,719,439.24,15.59,18225,52000
785,789,180.69,5.32,6000,150000
680,684,449.86,12.49,20000,110000
680,684,826.43,11.67,25000,95000
690,694,1235.52,16.29,35000,138000
730,734,317.72,8.94,10000,88000
770,774,863.16,6.89,28000,90000
680,684,880.87,21.99,31900,1e+05
815,819,213.05,6.03,7000,46800
660,664,423.61,16.29,12000,60000
800,804,386.54,6.03,12700,76000
710,714,640.57,9.49,20000,84000
770,774,120.64,5.42,4000,50000
755,759,938.57,7.89,30000,102000
700,704,171.62,14.3,5000,52000
760,764,320.94,9.63,10000,22000
765,769,270.2,6.62,8800,48000
660,664,342.56,14.16,10000,49700
680,684,584.02,23.43,15000,62000
670,674,665.44,12.12,20000,80000
685,689,546.69,13.98,16000,70000
705,709,718.65,14.09,21000,56000
675,679,404.61,16.99,11350,45000
775,779,730.46,6.03,24000,82000
670,674,422.78,22.99,15000,66000
705,709,649.15,20.99,24000,81000
660,664,545.61,16.55,15400,55034
685,689,433.75,12.99,12875,45000
785,789,736.89,6.62,24000,132000
765,769,459.67,6.49,15000,67000
705,709,507.8,11.67,23000,56000
680,684,646.76,10.15,20000,95000
685,689,79.7,9.17,2500,120000
725,729,718.59,15.31,30000,65000
710,714,327.34,10.99,10000,91000
810,814,642.89,10.37,30000,60000
705,709,612.89,6.49,20000,125000
740,744,195.42,10.64,6000,46000
750,754,688.39,7.9,22000,60000
705,709,329.48,11.44,10000,50000
685,689,546.95,19.19,21000,127000
670,674,339.42,18.49,9325,28800
735,739,227.82,7.49,10000,105000
700,704,395.89,11.53,12000,275000
725,729,324.07,14.99,13625,38000
660,664,455.76,15.8,13000,44000
675,679,706.01,16.29,20000,87000
685,689,1160.9,18.25,32000,138000
685,689,794.65,19.99,30000,99000
675,679,676.78,10.99,20675,82000
705,709,314.93,11.14,9600,52000
750,754,68.04,13.67,2000,42000
725,729,757.31,18.25,20875,120000
680,684,466.95,12.29,14000,54000
690,694,467.43,19.05,18000,95000
740,744,889.09,8.9,28000,90000
710,714,594.45,22.45,21325,51000
710,714,351.08,9.25,11000,45000
755,759,754.07,8.18,24000,118000
670,674,183.45,12.29,5500,31200
680,684,593.06,11.44,18000,82000
720,724,363.97,12.99,16000,90000
690,694,399.26,12.12,12000,1e+05
715,719,361.99,8.9,11400,55000
720,724,396.46,16.29,16200,67000
675,679,42.37,16.29,1200,30000
770,774,387.15,9.99,12000,49000
690,694,543.44,10.99,25000,73000
695,699,517.42,14.65,15000,88000
775,779,225.93,16.29,6400,20000
740,744,258.1,9.99,8000,58200
760,764,431.58,6.89,14000,90000
705,709,1196.05,13.99,35000,114000
675,679,524.89,11.14,16000,56000
745,749,748.65,7.69,24000,120000
755,759,185.05,6.92,6000,50000
695,699,489.38,19.99,18475,42000
710,714,440.18,14.16,18850,85000
680,684,267.14,12.59,7975,21000
660,664,316.49,14.65,9175,22000
665,669,398.52,11.99,12000,42000
695,699,96.09,9.49,3000,65000
670,674,706.31,17.86,19575,82368
665,669,316.38,16.99,8875,43000
695,699,774.64,25.8,25975,62000
685,689,317.54,8.9,10000,95000
715,719,278.54,15.31,8000,36680
675,679,510.2,13.66,15000,54000
680,684,177.86,10.15,5500,43000
740,744,371.96,7.26,12000,88030
745,749,599.7,8.49,19000,1e+05
685,689,332.72,12.12,10000,70830
670,674,533.65,12.29,16000,69000
730,734,180.56,9.99,8500,43200
715,719,550.14,13.33,24000,53000
750,754,237.96,6.62,7750,70000
690,694,264.46,11.67,8000,57000
690,694,966.07,21.97,35000,120000
660,664,270.83,13.33,8000,43000
755,759,122.82,6.62,4000,144000
665,669,611.1,13.53,18000,80000
660,664,289.37,18.49,7950,37000
700,704,471.65,12.99,14000,91794
740,744,152.18,6.03,5000,60000
700,704,169.89,14.65,4925,18000
715,719,839.71,12.99,24925,55764
670,674,434.63,14.65,12600,30000
705,709,597.57,6.49,19500,48000
705,709,196.41,10.99,6000,74000
665,669,376.59,23.99,9600,70000
760,764,400.24,12.29,12000,100384
725,729,491.01,10.99,15000,85000
715,719,133.9,9.17,4200,41200
685,689,470.15,14.46,20000,140000
670,674,689.29,18.25,19000,72000
705,709,697.9,13.99,30000,145000
670,674,332.72,12.12,10000,38000
725,729,109.69,12.05,3300,69000
795,799,785.48,12.39,35000,145000
685,689,192.31,15.61,5500,30200
685,689,326.23,19.2,8875,60000
690,694,791.58,14.49,23000,150000
725,729,566.58,11.14,25975,150000
680,684,544.85,17.86,15100,85000
665,669,108.58,13.49,3200,31200
695,699,489.86,13.67,14400,75000
730,734,215.89,6.92,7000,60000
660,664,793.85,23.28,28000,180000
770,774,309.4,7.14,10000,80000
660,664,214.73,17.27,6000,43000
670,674,498.98,23.63,17475,50000
705,709,242.64,11.53,11025,24000
680,684,92.06,12.54,5000,54996
680,684,324.97,18.92,8875,51500
675,679,237.65,13.53,7000,55000
680,684,280.79,15.88,8000,36000
670,674,616.39,12.69,18375,45000
695,699,1079.91,13.11,32000,95000
675,679,717.53,13.98,21000,60000
750,754,340.88,6.03,11200,54000
670,674,341.68,13.98,10000,107000
670,674,667.64,12.35,20000,90000
700,704,482.23,15.61,20000,72000
710,714,632.93,8.67,20000,80000
690,694,365.31,11.99,11000,70000
700,704,447.12,14.33,19075,54000
740,744,301.15,5.32,10000,85000
660,664,689.16,18.24,27000,135000
785,789,368.08,7.26,11875,48000
745,749,267.79,9.17,8400,67000
785,789,296.29,6.97,9600,50000
675,679,163.18,10.78,5000,120000
670,674,521.46,19.24,20000,69030
800,804,301.15,5.32,10000,55000
690,694,581.45,13.98,25000,87500
695,699,658.65,14.49,28000,1e+05
690,694,273.78,14.09,8000,75000
675,679,530.64,17.77,21000,65000
705,709,498.59,7.62,16000,78000
705,709,208.41,9.17,10000,37000
715,719,155.51,12.85,4625,82200
675,679,393.66,17.27,11000,40000
715,719,773.3,7.12,25000,62000
670,674,388.13,17.57,10800,40000
695,699,375.77,11.47,11400,80000
710,714,518.14,15.8,21400,48600
675,679,175.37,19.52,4750,55000
700,704,418.59,18.49,11500,35000
700,704,398.92,12.35,11950,49900
730,734,645.25,9.99,20000,74000
665,669,302.74,14.46,8800,72000
795,799,872.52,7.62,28000,170000
720,724,375.49,7.9,12000,60000
720,724,435.82,15.8,18000,60000
695,699,905.59,10.16,28000,98800
665,669,385.79,15.61,16000,80000
685,689,1195.88,13.98,35000,240000
670,674,376.76,21,10000,39200
735,739,693.06,18.55,19025,70000
680,684,902.29,23.28,31825,79800
665,669,778.85,13.35,23000,123000
695,699,420.07,14.09,12275,39000
660,664,246.64,14.16,7200,48000
675,679,544.17,18.25,15000,82000
660,664,259.99,10.49,8000,35000
685,689,139.27,15.31,4000,30000
680,684,220.32,12.35,6600,56000
695,699,344.2,7.9,11000,60000
720,724,369.54,10.99,17000,70000
670,674,796.32,21.18,29325,70000
685,689,149.17,11.86,4500,61200
690,694,463.09,6.99,15000,161000
720,724,45.57,13.06,2000,36000
715,719,274.97,10.99,8400,75000
715,719,355.72,10.15,11000,46700
660,664,164.96,11.53,5000,40000
685,689,40.44,19.2,1100,28000
675,679,571.68,22.47,20500,75000
680,684,468.92,19.2,18000,94000
670,674,338.22,22.99,12000,24000
750,754,443.05,8.67,14000,82000
690,694,321.13,9.67,10000,50000
665,669,296.47,12.99,8800,20000
700,704,570.82,16.29,23325,109000
690,694,545.92,9.67,17000,60000
670,674,747.88,7.62,24000,75000
700,704,194.06,10.16,6000,83200
725,729,750.97,7.9,24000,230000
740,744,247.97,7.26,8000,48000
735,739,593.06,11.44,18000,140000
680,684,406.88,16.99,16375,41000
680,684,321.11,12.49,9600,42000
685,689,719.46,21.49,26325,66000
705,709,114.56,15.1,3300,22000
735,739,454.42,6.62,14800,80010.46
660,664,146.16,15.27,4200,65000
660,664,277.72,15.1,8000,40000
695,699,355.72,10.15,11000,51000
710,714,383.25,15.31,16000,95000
705,709,720.5,19.47,27500,105000
695,699,475.06,11.53,14400,65300
700,704,261.88,10.99,8000,65000
745,749,628.39,8.18,20000,67000
675,679,423.61,16.29,12000,57000
660,664,107.17,23.5,2750,56000
725,729,1274.98,9.16,40000,125000
665,669,140.24,15.8,4000,52000
705,709,946.68,20.99,35000,88000
770,774,598.83,15.31,25000,75000
675,679,665.44,12.12,20000,90000
705,709,507.8,13.33,15000,101000
815,819,451.73,5.32,15000,115200
660,664,573.83,9.17,18000,70000
690,694,446.27,11.67,13500,93000
710,714,230.26,13.53,10000,40000
685,689,325.45,13.98,9525,40000
710,714,502.23,17.57,13975,49000
745,749,237.1,16.2,6725,38000
670,674,425.55,10.99,13000,40000
665,669,347.04,18.75,9500,34528
705,709,613.28,17.57,24375,61000
795,799,155.26,8.88,7500,43000
665,669,796.73,15.88,22700,120000
755,759,1093.77,13.35,32300,80000
660,664,633.42,11.53,19200,123500
685,689,586.91,19.05,16000,75000
710,714,668.79,13.35,19750,45000
720,724,872.52,7.62,28000,85000
675,679,373.92,17.14,15000,60000
785,789,182.62,6.03,6000,42000
695,699,647.66,6.92,21000,126000
705,709,704.45,12.69,21000,135000
660,664,111.41,17.57,3100,44000
670,674,760.34,21.18,28000,64474
800,804,302.56,8.39,9600,52056
680,684,331.11,19.99,12500,35000
660,664,516.48,14.64,14975,1e+05
670,674,625.09,19.19,24000,80000
690,694,314.42,12.12,9450,41000
680,684,196.78,14.09,5750,42000
670,674,410.08,13.99,12000,56791
660,664,441.73,21.98,16000,50000
665,669,509.71,15.99,14500,33092
715,719,377.26,11.14,11500,35000
715,719,490.27,13.99,21075,55000
725,729,363.97,12.99,16000,105000
695,699,267.29,12.99,11750,65000
680,684,629.6,24.08,21850,60000
670,674,310.31,17.86,8600,52000
670,674,625.72,7.89,20000,126500
725,729,365.81,18.85,10000,80600
685,689,195.42,10.64,6000,69000
680,684,434.75,10.99,20000,67000
665,669,438.36,18.75,12000,57000
665,669,675.77,13.99,19775,110000
680,684,353.24,9.67,11000,42500
715,719,504.27,8.39,16000,64000
685,689,307.04,6.62,10000,68000
695,699,242.58,13.68,10500,30000
690,694,205.01,13.98,6000,60000
705,709,357.88,17.27,10000,60000
700,704,317.54,8.9,10000,95000
715,719,207.3,7.9,6625,22580
680,684,133.87,12.53,4000,67464
710,714,389.03,18.99,15000,39000
675,679,360.08,9.75,11200,63000
665,669,342.56,14.16,10000,55000
705,709,222.28,8.9,7000,37000
670,674,486.26,15.99,20000,65000
685,689,133.09,12.12,4000,37000
660,664,412.82,14.46,12000,92004
735,739,1005.29,7.12,32500,275000
665,669,673.79,12.99,20000,1e+05
685,689,980.65,22.7,35000,2e+05
665,669,253.18,8.67,8000,60000
705,709,429.91,14.16,12550,30000
725,729,373.88,12.35,11200,105000
675,679,669.01,22.45,24000,55000
660,664,173.28,14.98,5000,40000
815,819,76.09,6.03,2500,125000
725,729,319.58,6.03,10500,32000
695,699,944.71,20.89,35000,160000
660,664,513.54,19.05,14000,49000
680,684,831.82,23.43,29250,95000
770,774,257.05,9.71,8000,1e+05
800,804,200.99,12.59,6000,65000
730,734,362.03,11.36,11000,70000
725,729,391.28,10.99,18000,130000
710,714,682.06,16.78,27575,77000
705,709,869.66,16.99,35000,70000
685,689,1138.4,19.72,30750,99000
725,729,787.92,8.39,25000,110000
680,684,320.83,16.99,9000,50000
720,724,803.02,20.49,30000,60000
670,674,359.38,17.57,10000,60000
740,744,493.73,12.39,22000,130000
735,739,290.73,15.31,8350,49000
660,664,233.48,12.29,7000,83500
665,669,196.68,15.61,5625,45000
730,734,508.68,18.25,19925,50000
675,679,201.27,12.69,6000,60000
695,699,1009.09,12.88,30000,72000
775,779,639.15,6.03,21000,150000
665,669,465.53,10.49,14325,72500
710,714,750.97,7.9,24000,150000
665,669,241.12,15.61,10000,65000
750,754,330.44,6.54,15000,122000
685,689,754.81,24.5,25975,65000
725,729,369.54,10.99,17000,44574
690,694,166.03,19.47,4500,38000
710,714,172.8,24.5,4375,15096
670,674,615.03,13.98,18000,45000
735,739,474.89,6.97,24000,104000
675,679,471.3,8.18,15000,65000
680,684,411.33,7.62,13200,91000
670,674,308.41,13.99,9025,105000
685,689,329.91,11.53,10000,25000
725,729,1052.01,9.17,33000,90000
740,744,343.39,14.33,10000,50000
705,709,469.86,16.77,19000,38000
685,689,1227.05,15.8,35000,258000
660,664,496.01,16.55,14000,45000
670,674,750.29,14.33,21850,49000
705,709,794.21,12.88,35000,132000
785,789,771.02,6.92,25000,350000
690,694,588.99,14.65,17075,65000
685,689,199.53,18.25,5500,40000
680,684,909.09,15.61,26000,159000
695,699,261.88,10.99,8000,25000
740,744,257.77,7.39,8300,45000
700,704,334.16,12.42,10000,70000
675,679,336.37,12.88,10000,55000
690,694,516.98,16.29,21125,54000
675,679,616.03,19.24,16750,42000
765,769,762.81,16.99,30700,275000
670,674,494.5,11.48,15000,75000
695,699,324.49,13.22,9600,62500
710,714,684.43,14.09,20000,71004
785,789,93.31,7.49,3000,8472
690,694,1218.61,15.31,35000,149000
690,694,347.8,10.99,16000,75000
665,669,285.19,16.99,8000,30000
685,689,603.87,21.7,22000,50000
660,664,679.99,16.99,19075,53000
705,709,149.85,12.18,4500,74000
675,679,201.27,12.69,6000,40000
675,679,872.48,17.14,35000,120000
665,669,423.61,16.29,12000,42000
740,744,964.5,9.75,30000,261000
675,679,333.53,12.29,10000,55000
665,669,358.22,21.15,13200,55000
695,699,796.27,23.43,28000,77000
680,684,824.57,25.89,27600,69295
670,674,371.02,16.78,15000,46080
760,764,668.59,5.93,22000,95000
695,699,597.51,25.89,20000,150000
670,674,680.16,13.65,20000,80000
715,719,798.16,20.2,30000,250000
685,689,364.29,18.55,10000,40000
685,689,169.32,13.35,5000,78000
690,694,801.79,21.98,21000,185000
675,679,824.89,21.15,21850,50000
690,694,932.48,20.99,34475,75000
680,684,947.77,22.45,34000,115000
675,679,283.28,14.65,12000,75000
660,664,400.24,12.29,12000,42000
665,669,174.74,16.29,4950,16722
705,709,217.38,10.99,10000,38000
685,689,467.43,19.05,18000,60000
690,694,366.93,13.35,16000,80000
675,679,44.58,19.97,1200,85000
690,694,470.71,18.25,12975,60000
670,674,628.49,8.19,20000,91600
670,674,742.97,19.97,20000,160000
675,679,151.71,21.49,4000,27000
730,734,785.62,10.99,24000,89900
685,689,1012.13,17.99,28000,120000
670,674,253.98,13.35,7500,61000
660,664,262.08,18.49,7200,30000
760,764,240.92,5.32,8000,130000
720,724,630.99,11.99,19000,47000
760,764,750.97,7.9,24000,153660
710,714,209.5,10.99,6400,40000
705,709,381.04,9.76,11850,40000
680,684,725.56,18.25,20000,1e+05
685,689,332.58,12.09,10000,1e+05
720,724,814.03,13.98,35000,150000
675,679,137.49,10.99,4200,56700
690,694,674.94,13.11,20000,58000
690,694,557.08,15.31,16000,40000
660,664,593.49,11.49,18000,56000
665,669,683.36,13.98,20000,78000
665,669,327.29,15.88,9325,28000
660,664,546.44,18.55,15000,48500
695,699,376.45,10.99,11500,78000
680,684,718.35,20.2,27000,75000
670,674,229.14,10.99,7000,92520
665,669,1207.3,14.65,35000,101649.6
660,664,786.83,19.52,30000,1e+05
685,689,606.41,12.99,18000,64000
715,719,921.83,11.14,28100,63345
660,664,111.8,20.2,3000,85000
795,799,610.88,8.18,30000,150000
705,709,750.86,7.89,24000,119000
745,749,680.84,6.24,22300,105000
670,674,687.68,18.75,18825,61800
665,669,274.88,10.15,8500,50000
685,689,462.25,9.17,14500,80000
700,704,787.48,8.9,24800,70000
700,704,512.6,13.99,15000,60361
675,679,386.05,17.1,15500,42600
715,719,334.6,20.49,12500,35000
665,669,659.81,11.53,20000,86700
695,699,606.21,17.27,24250,54000
670,674,112.92,9.99,3500,65000
720,724,347.89,8.39,17000,60000
735,739,550.71,7.9,17600,50000
660,664,324.98,10.49,10000,75000
705,709,640.57,9.49,20000,95000
660,664,175.37,19.52,4750,56000
670,674,376.37,14.49,16000,54000
670,674,317.1,16.55,8950,43000
690,694,1027.1,24.99,35000,99950
725,729,456.54,6.03,15000,110000
680,684,384.11,12.69,17000,295000
685,689,202.14,12.99,6000,38000
735,739,344.65,18.25,13500,81555
665,669,683.36,13.98,20000,160000
670,674,56.87,12.49,1700,45000
665,669,377.34,17.57,10500,41000
705,709,329.48,11.44,10000,30200
700,704,226.09,14.16,6600,14676
680,684,632.1,18.84,24450,58300
665,669,286.13,19.52,7750,40000
715,719,652.32,10.74,20000,285000
690,694,332.72,12.12,10000,68000
675,679,163.67,10.99,5000,48110
675,679,232.1,16.29,6575,68680
670,674,339.03,20.99,9000,56500
810,814,301.15,5.32,10000,50000
670,674,563.05,16.29,15950,70000
680,684,452.11,17.49,18000,185000
695,699,876.59,15.81,25000,1e+05
705,709,193.35,9.91,6000,112000
695,699,304.96,11.86,9200,32496
660,664,344.95,14.65,10000,51702
735,739,129.05,9.99,4000,29000
705,709,207.97,14.99,6000,41000
705,709,235.83,12.99,7000,45000
755,759,736.89,6.62,24000,75000
670,674,491.01,10.99,15000,1e+05
685,689,529.01,22.2,19075,1e+05
685,689,223.41,10.99,6825,73000
705,709,482.23,15.61,20000,72000
685,689,802.82,9.67,25000,66000
670,674,136.68,13.98,4000,80000
660,664,486.86,20.99,18000,50000
665,669,1262.88,17.86,35000,35000
710,714,473.01,17.57,18800,72000
660,664,234.15,12.49,7000,28000
750,754,250.33,7.9,8000,42300
680,684,481.69,14.47,14000,55000
695,699,567.82,9.99,17600,57000
670,674,281.36,20.2,7550,27000
690,694,165.55,11.78,5000,47000
685,689,218.9,17.76,6075,22000
665,669,236.98,13.33,7000,71000
720,724,225.29,7.9,7200,70000
700,704,306.45,6.49,10000,54000
800,804,222.18,6.03,7300,4e+05
690,694,290.37,9.99,9000,32000
735,739,695.6,10.99,32000,224000
705,709,436.71,7.69,14000,55000
670,674,1015.6,13.33,30000,102000
725,729,893.54,18.25,35000,97000
675,679,224.92,9.71,7000,41000
820,824,420.02,6.03,13800,96000
705,709,295.58,15.22,8500,46000
695,699,515.46,13.22,15250,40000
660,664,457.11,18.25,12600,35000
710,714,162.49,10.49,5000,65347
670,674,350.64,15.81,10000,60000
695,699,374.54,10.64,11500,34391
695,699,328.06,11.14,10000,125000
665,669,755.43,22.45,27100,70000
740,744,860.04,14.46,25000,145000
665,669,341.68,13.98,10000,35000
680,684,439.25,11.44,20000,46000
685,689,332.72,12.12,10000,1e+05
810,814,231.55,6.99,7500,42500
750,754,426.1,6.03,14000,54000
660,664,226.37,10.15,7000,32000
700,704,527.78,19.99,19925,70000
695,699,445.13,16.77,18000,62000
695,699,62.59,7.9,2000,177000
740,744,155.97,7.69,5000,50000
730,734,571.56,8.9,18000,120000
665,669,552.84,14.99,15950,125000
700,704,483.34,16.29,19750,45000
665,669,354.5,16.59,10000,40000
755,759,190.63,8.94,6000,60000
685,689,556.48,10.99,17000,40000
695,699,469.53,24.99,16000,44000
685,689,491.02,14.65,20800,65000
670,674,164.01,13.98,4800,50000
670,674,290.23,18.25,8000,32000
680,684,551.91,14.65,16000,120000
705,709,299.98,17.27,12000,106000
675,679,344.07,14.47,10000,70000
680,684,346.61,14.99,10000,81000
690,694,1195.88,13.98,35000,265000
700,704,327.2,7.62,10500,98000
715,719,245.16,6.49,8000,70000
710,714,880.1,28.49,28000,110000
665,669,496.95,16.99,20000,62512
765,769,695.63,18.25,19175,50000
685,689,921.85,19.72,35000,90000
700,704,381.04,8.9,12000,51000
730,734,638.25,18.25,25000,58000
690,694,495,11.55,15000,70640
700,704,540.81,13.22,16000,67014.48
740,744,214.93,6.62,7000,149400
765,769,328.06,11.14,10000,35000
690,694,298.17,16.99,12000,80000
665,669,516.88,19.52,14000,105000
685,689,523.75,10.99,16000,59000
740,744,150.58,5.32,5000,1e+05
665,669,269.52,12.99,8000,70000
685,689,471.16,15.61,13475,70000
760,764,231.21,6.89,7500,74000
705,709,335.67,12.73,10000,80000
705,709,117.45,15.8,3350,37500
715,719,562.46,17.27,22500,53500
705,709,263.93,11.53,8000,45000
695,699,785.62,10.99,24000,121000
715,719,259.99,10.49,8000,52000
710,714,599.78,16.99,16825,60000
705,709,65.47,10.99,2000,89450
690,694,398.52,11.99,12000,60000
720,724,773.3,7.12,25000,60000
690,694,515.08,14.33,15000,75000
685,689,341.22,16.78,9600,1e+05
665,669,688.33,14.49,20000,65000
715,719,327.34,10.99,10000,54000
685,689,336.9,12.99,10000,86000
750,754,233.32,7.51,7500,74400
720,724,428.51,11.47,13000,80000
745,749,700.02,6.03,23000,132000
665,669,315.17,8.39,10000,49000
665,669,289.18,17.99,8000,33000
660,664,501.74,12.49,15000,48000
665,669,455.66,23.5,16000,60000
675,679,385.77,12.69,11500,33000
685,689,525.88,15.8,15000,114300
705,709,67.98,13.61,2000,42996
700,704,393.67,11.14,12000,100800
730,734,91.31,6.03,3000,75000
680,684,491.55,16.2,20125,45000
775,779,229.84,6.49,7500,60000
685,689,444.25,13.99,13000,110000
740,744,335.96,9.49,16000,48500
750,754,290.58,6.54,15000,72000
685,689,821.98,24.83,28100,63000
670,674,469.53,24.99,16000,70000
685,689,456.32,19.72,17325,66520
680,684,332.1,11.99,10000,62000
700,704,411.56,17.27,11500,108000
670,674,673.53,20.8,25000,64320
810,814,230.88,13.65,10000,42000
685,689,669.19,20.49,25000,58000
705,709,32.87,11.26,1000,58000
705,709,982.02,10.99,30000,140000
660,664,738.39,19.52,20000,90000
680,684,850.95,15.99,35000,105000
715,719,1090.05,10.99,33300,120000
695,699,172.04,14.47,5000,27000
670,674,518.94,17.77,14400,57000
660,664,232.64,13.99,10000,50000
675,679,94.59,13.18,2800,160000
710,714,785.49,8.18,25000,78900
670,674,541.45,16.55,22000,80000
670,674,495,11.55,15000,90000
725,729,375.49,7.9,12000,62300
680,684,554.57,15.61,23000,67000
695,699,244.86,13.65,7200,35064
670,674,210.56,12.99,6250,22114
690,694,285.16,12.49,8525,37000
680,684,297.31,14.99,12500,55000
660,664,337.68,19.89,9100,39000
690,694,279.72,15.61,8000,52000
680,684,205.98,14.31,6000,28000
755,759,243.34,5.99,8000,32000
685,689,117.92,12.99,3500,41200
675,679,89.12,16.99,2500,52000
720,724,632.66,12.69,28000,75000
670,674,74.12,12.99,2200,58000
700,704,695.47,15.22,20000,75000
680,684,329.28,27.88,10600,52000
695,699,147.68,19.52,4000,100380
720,724,57.41,11.14,1750,22000
730,734,279.09,7.29,9000,88560
665,669,615.29,16.55,25000,95000
670,674,289.96,20.49,7750,38000
680,684,628.14,19.42,24000,62000
740,744,723.98,15.65,30000,109200
660,664,314.69,15.61,9000,65000
665,669,292.04,18.25,8050,52000
670,674,300.2,14.47,8725,29000
675,679,202.49,13.11,6000,27195
685,689,182.15,18.55,5000,24000
665,669,389.01,15.99,16000,43000
685,689,1262.88,17.86,35000,110000
675,679,233.48,12.29,7000,27000
660,664,349.65,15.61,10000,45000
725,729,339.11,10.99,15600,62000
700,704,248.36,14.65,7200,140000
665,669,420.39,10.15,13000,90000
700,704,327.96,16.99,9200,20000
670,674,386.46,8.18,12300,60000
720,724,381.04,8.9,12000,75000
720,724,134.28,12.74,4000,45000
700,704,335.67,12.73,10000,21000
705,709,332.72,12.12,10000,48000
685,689,538.99,17.56,15000,225000
680,684,236.55,20.75,6300,34000
660,664,205.78,13.66,6050,14500
665,669,505.94,22.45,18150,52000
720,724,228.63,8.9,7200,32000
725,729,130.94,10.99,4000,50000
710,714,876,7.89,28000,88000
740,744,159.74,9.32,5000,189000
700,704,656.11,11.14,20000,60000
780,784,326.07,10.99,15000,55000
690,694,259.04,11.99,7800,65000
680,684,382.95,18.25,15000,83000
680,684,178.62,26.57,4400,30000
670,674,599.34,23.43,21075,66000
790,794,212.01,10.74,6500,69592
685,689,946.26,17.86,26225,69045
685,689,334.49,12.49,10000,76500
765,769,229.14,10.99,7000,33000
670,674,267.2,14.16,7800,25000
690,694,321.5,9.75,10000,51000
715,719,814.03,13.98,35000,175000
675,679,68.68,14.33,2000,36000
730,734,190.63,8.94,6000,60000
675,679,520.72,15.1,15000,42000
680,684,356.78,14.99,15000,51000
660,664,244.88,18.25,6750,60000
685,689,510.66,10.99,15600,75000
730,734,101.56,13.33,3000,1e+05
675,679,927.96,7.12,30000,64000
715,719,387.15,9.99,12000,138000
660,664,169.75,13.53,5000,45800
690,694,605.11,24.08,21000,78000
730,734,404.9,15.59,16800,42000
665,669,334.49,12.49,10000,95000
710,714,543.81,14.33,23200,66000
820,824,582.08,6.03,19125,101400
690,694,166.36,12.12,5000,27000
675,679,592.34,19.72,16000,95000
675,679,269.98,13.11,8000,32000
705,709,474.79,22.4,17050,45750.48
670,674,320.8,10.99,9800,1e+05
690,694,384.05,21.67,14000,1e+05
665,669,324.63,12.59,14400,64000
680,684,560.18,24.7,19200,68000
770,774,773.3,7.12,25000,80000
815,819,278.39,7.12,9000,38000
665,669,179.34,11.99,5400,75000
665,669,364.53,23.5,12800,90000
660,664,637.58,9.17,20000,98300
690,694,843.53,15.59,35000,109000
745,749,365.23,6.03,12000,155000
690,694,215.6,17.56,6000,77000
695,699,332.1,11.99,10000,65000
760,764,447.98,8.18,22000,57000
665,669,338.63,13.35,10000,42000
660,664,946.68,20.99,35000,95000
710,714,374.79,14.3,16000,52500
790,794,368.45,6.62,12000,67500
680,684,411.95,14.31,12000,76500
695,699,202.14,12.99,6000,140000
670,674,102.04,13.66,3000,30719
745,749,368.08,13.49,16000,3e+05
705,709,382.51,15.22,11000,85000
690,694,158.27,11.49,4800,265000
700,704,344.62,15.27,14400,60000
680,684,377.41,17.57,15000,61000
690,694,684.43,14.09,20000,64000
680,684,616.52,18.54,24000,48000
685,689,399.26,12.12,12000,53000
670,674,512.43,18.25,14125,54320
670,674,481.59,18.25,13275,54600
715,719,196.84,11.14,6000,55000
675,679,941.75,20.99,25000,85000
685,689,571.5,13.67,16800,330000
685,689,619.32,14.47,18000,50000
730,734,503.93,9.49,24000,94000
725,729,264.22,11.55,12000,60000
670,674,308.28,9.67,9600,65000
725,729,963.38,9.67,30000,105000
680,684,406.09,17.57,11300,55000
660,664,295.08,15.1,8500,53000
685,689,452.5,12.12,13600,65000
675,679,880.95,18.2,24300,1e+05
715,719,776.85,8.18,24725,120000
710,714,661.14,11.67,20000,96000
695,699,345.54,20.99,12775,32000
765,769,197.84,6.03,6500,46150
695,699,495.13,13.33,21600,1e+05
680,684,291.04,10.15,9000,58000
755,759,292.19,6.03,9600,1e+05
660,664,361.48,17.99,10000,76739
725,729,333.83,12.99,14675,38004
725,729,765.1,9.17,24000,180000
700,704,594.62,14.99,25000,105000
695,699,324.77,22.47,8450,80000
675,679,270.48,20.99,10000,35000
660,664,192.17,9.49,6000,47000
680,684,232.47,11.99,7000,54000
705,709,445.36,14.33,19000,43000
675,679,688.91,11.14,21000,117000
660,664,180.04,10.99,5500,95000
735,739,373.22,7.49,12000,91228
690,694,293.54,13.35,12800,50000
665,669,465.27,13.99,20000,70000
685,689,285.19,16.99,8000,48000
690,694,696.35,15.31,20000,94000
710,714,916.95,19.04,25000,95000
720,724,942.59,8.18,30000,91000
745,749,311.11,7.51,10000,61000
680,684,407.4,13.53,12000,46000
675,679,645.25,9.99,20000,60000
665,669,397.56,16.99,16000,94000
695,699,308.27,6.89,10000,60000
720,724,182.62,6.03,6000,30000
660,664,597.41,21.18,22000,63000
665,669,523.75,10.99,16000,64000
725,729,777.55,7.49,25000,140000
680,684,336.9,12.99,10000,70000
675,679,1006.35,12.69,30000,187000
765,769,181.97,5.79,6000,120000
665,669,597.78,11.99,18000,82000
665,669,238.75,17.77,6625,29000
665,669,166.05,11.99,5000,35000
675,679,170.48,7.26,5500,25100
660,664,689.89,14.65,20000,305000
670,674,346.31,13.65,15000,70000
670,674,326.39,22.4,8500,38000
740,744,1141.56,10.74,35000,195000
800,804,743.91,7.26,24000,72000
750,754,531.94,7.9,17000,150000
715,719,321.55,9.76,10000,41600
730,734,65.62,11.14,2000,47000
700,704,103.47,14.64,3000,40000
690,694,867.78,17.86,24050,81000
705,709,187.72,7.89,6000,42000
685,689,337.19,9.67,10500,46800
695,699,327.34,10.99,10000,56000
720,724,108.12,17.77,3000,24000
710,714,193.31,17.77,7650,25000
660,664,226.12,27.88,5475,51000
665,669,705.06,25.89,23600,83200
675,679,232.91,12.12,7000,43000
700,704,228.32,10.74,7000,30000
680,684,257.33,11.53,7800,55000
700,704,563.23,7.9,18000,84000
690,694,195.81,15.61,5600,32000
680,684,326.48,13.65,9600,48000
680,684,564.81,16.29,16000,55000
690,694,237.85,12.35,7125,97500
680,684,144.74,12.12,4350,56000
700,704,586.24,10.64,18000,103220
750,754,570.71,14.98,24000,84000
690,694,419.42,9.99,13000,87000
665,669,332.72,12.12,10000,90000
670,674,617.13,20.8,16425,41000
680,684,284.57,19.52,10850,32000
705,709,586.2,12.99,17400,65000
710,714,306.45,6.49,10000,71000
730,734,352.13,11.53,16000,57000
685,689,66.94,12.53,2000,32000
675,679,140.89,12.69,4200,35000
685,689,67.81,20.99,1800,45900
665,669,208.91,15.31,6000,75000
670,674,99.63,11.99,3000,60000
675,679,358.82,13.99,10500,35000
700,704,308.02,11.99,9275,75200
705,709,266.02,10.16,8225,83000
765,769,161.32,9.99,5000,21600
690,694,333.83,15.22,9600,91000
660,664,633.4,17.57,17625,84555
755,759,1095,7.89,35000,83500
740,744,220.68,13.53,6500,25000
675,679,145.58,14.99,4200,51200
720,724,509.07,8.18,25000,75000
750,754,326.07,10.99,15000,80000
665,669,306.08,13.65,9000,40000
670,674,209.5,10.99,6400,55000
665,669,206.44,14.47,6000,55000
800,804,598.73,6.62,19500,84000
695,699,235.8,13.99,6900,52000
730,734,463.98,7.12,15000,50000
700,704,654.68,10.99,20000,1e+05
660,664,294.61,10.99,9000,25000
675,679,291.02,14.33,8475,26500
680,684,401.15,13.33,17500,65000
735,739,172.37,11.71,7800,40000
665,669,149.63,18.24,4125,11701.44
685,689,169.27,13.33,5000,52000
695,699,698.58,8.9,22000,66560
685,689,192.68,9.67,6000,150000
680,684,280.06,18.55,10900,26000
680,684,238.06,13.65,7000,102000
715,719,613.34,15.88,17475,39665
755,759,321.32,9.71,10000,58000
690,694,566.44,14.64,24000,78000
680,684,790.74,11.44,24000,73000
680,684,472.14,14.65,20000,90000
680,684,357.88,17.27,10000,50512
675,679,540.96,20.99,20000,73000
670,674,373.92,17.14,15000,85000
700,704,230.8,11.49,7000,66000
665,669,582.11,26.24,19350,72000
805,809,186.97,7.62,6000,52000
710,714,434.81,14.33,18550,42000
665,669,422.55,11.53,19200,135000
665,669,353.01,16.29,10000,59000
660,664,277.28,10.75,8500,92000
670,674,530.67,23.99,18450,70000
675,679,266.83,12.29,8000,65000
670,674,243.73,15.31,7000,40000
660,664,159.3,21.49,4200,39000
675,679,787.92,8.39,25000,63650
700,704,492.08,11.14,15000,67600
660,664,376.81,14.16,11000,29000
690,694,384.24,20.99,10200,34000
690,694,802.82,9.67,25000,150000
725,729,488.6,13.49,14400,79820
670,674,498.15,11.99,15000,62000
660,664,353.01,16.29,10000,65000
675,679,166.36,12.12,5000,49200
705,709,389.28,12.12,11700,35000
690,694,498.15,11.99,15000,56000
660,664,204.24,18.25,8000,72000
740,744,578.18,20.49,21600,65000
705,709,376.37,14.49,16000,58000
795,799,156.1,7.74,5000,80000
670,674,185.61,13.11,5500,40000
710,714,592.87,7.89,18950,117000
685,689,416.2,16.99,16750,40000
720,724,860.28,16.49,35000,3e+05
705,709,631.58,17.76,25000,75000
670,674,482.18,20.99,12800,47000
660,664,471.65,12.99,14000,42000
720,724,347.74,15.22,10000,47000
680,684,329.39,21.7,12000,45000
730,734,79.18,11.53,2400,38200
715,719,122.58,6.49,4000,54200
705,709,476.3,11.71,14400,80000
660,664,976.04,22.47,35000,102000
660,664,444.19,13.98,13000,60000
710,714,1125.25,9.75,35000,125000
690,694,191.28,9.17,6000,49000
670,674,86.18,15.31,2475,56000
785,789,116.28,6.39,3800,146000
660,664,279.64,15.59,8000,60000
700,704,599.96,17.27,24000,78000
690,694,213.89,16.99,6000,45000
710,714,428.51,11.47,13000,68000
660,664,145.12,18.25,4000,29000
670,674,167.25,12.49,5000,38000
725,729,288.26,11.44,13125,83800
765,769,422.36,7.89,13500,52000
685,689,165.74,11.86,5000,24000
685,689,704.45,12.69,21000,42000
700,704,857.34,8.9,27000,205000
700,704,373.22,7.49,12000,63000
695,699,725.79,11.53,22000,77500
660,664,427.1,13.98,12500,50000
670,674,174.83,15.61,5000,50000
740,744,858.05,6.49,28000,113500
665,669,293.67,16.29,12000,68000
705,709,818.35,10.99,25000,76000
685,689,332.1,11.99,10000,75000
665,669,672.83,20.75,25000,62000
705,709,304.84,8.9,9600,1e+05
665,669,791.77,11.53,24000,109000
660,664,237.65,13.53,7000,34000
715,719,150.52,12.49,4500,65000
680,684,480.33,14.27,14000,52000
755,759,760.89,6.03,25000,276000
760,764,304.36,6.03,10000,72000
680,684,332.75,17.57,13225,75000
715,719,395.89,11.53,12000,47500
700,704,527.55,11.49,16000,46000
700,704,266.18,12.12,8000,40000
695,699,472.75,8.39,15000,70000
660,664,398.52,11.99,12000,55000
685,689,531.36,11.99,16000,85000
695,699,569.08,14.85,24000,65000
740,744,430.03,7.62,13800,89000
700,704,39.08,23.7,1000,42000
660,664,134.15,16.29,3800,80000
760,764,806.95,14.48,23450,53300
770,774,777.78,7.51,25000,170000
715,719,1095,7.89,35000,135000
705,709,1126.07,9.8,35000,225000
750,754,202.69,13.18,6000,56000
665,669,213.26,15.31,6125,89000
705,709,99.63,11.99,3000,39000
765,769,433.69,6.62,14125,50000
670,674,200.41,12.39,6000,45000
680,684,638.82,12.12,19200,1e+05
665,669,243.81,14.33,7100,46000
695,699,771.57,15.61,32000,101200
705,709,646.76,10.15,20000,54000
675,679,329.51,14.3,9600,57000
665,669,345.15,23.99,12000,60000
755,759,760.89,6.03,25000,116000
660,664,683.36,13.98,20000,215000
680,684,294.61,10.99,9000,85000
670,674,350.11,15.7,10000,30400
695,699,310.56,7.39,10000,60000
680,684,312.53,19.22,8500,35000
680,684,382.55,9.17,12000,70000
665,669,104.91,15.62,3000,42000
785,789,161.36,13.57,4750,25000
670,674,1115.91,20.8,29700,92981
700,704,159.4,9.17,5000,52000
720,724,399.26,12.12,12000,75000
790,794,158.77,8.9,5000,45000
705,709,280.83,18.25,11000,72000
685,689,401.51,20.49,15000,101400
695,699,143.18,12.99,4250,70000
685,689,228.32,10.74,7000,109141
785,789,455.86,5.93,15000,55000
710,714,365.53,13.18,16000,55000
700,704,602.79,15.61,25000,115000
770,774,312.62,9.17,15000,43000
715,719,952.6,8.9,30000,130000
670,674,327.34,10.99,10000,65000
710,714,525.57,18.39,25000,140000
690,694,290.23,18.25,8000,66625
735,739,790.15,19.72,30000,75500
665,669,369.2,19.52,10000,86000
680,684,316.48,20.89,11725,85000
675,679,469.88,16.29,19200,75000
680,684,410.08,13.99,12000,80000
660,664,563.03,10.99,17200,149500
740,744,483.94,9.99,15000,113300
675,679,64.26,12.35,1925,30000
715,719,600.69,7.89,19200,52000
740,744,250.33,7.9,8000,41000
750,754,247.97,7.26,8000,59400
720,724,335.58,10,10400,40800
680,684,93.54,20.49,2500,33342
700,704,411.89,14.3,12000,60000
725,729,131.89,11.49,4000,26400
700,704,337.47,13.11,10000,90000
690,694,196.33,15.8,5600,25000
660,664,173.85,15.21,5000,21000
715,719,310.48,13.11,9200,53000
675,679,568.08,22.4,20400,47000
760,764,217.47,7.9,6950,56000
780,784,186.97,7.62,6000,38000
680,684,1247.68,16.99,35000,87000
680,684,332.1,11.99,10000,110000
705,709,892.61,9.17,28000,130000
700,704,377.32,12.99,11200,75000
685,689,598.83,15.31,25000,150000
675,679,1235.52,16.29,35000,88000
665,669,477.44,25.83,16000,113500
665,669,319.27,20.2,12000,56000
715,719,517.28,14.47,22000,80000
670,674,880.61,17.57,35000,1e+05
670,674,444.55,8.9,14000,75000
705,709,472.4,11.14,14400,92712
670,674,208.64,15.22,6000,40000
685,689,1228.43,15.88,35000,82000
715,719,502.22,8.9,24250,55000
745,749,303.91,5.93,10000,25932
700,704,528.81,7.9,16900,78432
700,704,99.82,12.12,3000,36000
660,664,731.17,15.31,21000,90000
720,724,240.85,9.67,7500,41304
695,699,533.68,16.2,21850,66000
675,679,212.58,16.55,6000,20000
705,709,629.01,17.57,25000,55000
700,704,478.4,12.79,21125,63996
680,684,224.79,9.67,7000,60000
750,754,96.79,9.99,3000,37209
720,724,843.9,15.61,35000,1e+05
660,664,424.23,8.19,13500,81800
695,699,855.61,16.24,35000,80000
720,724,375.04,14.33,16000,40200
690,694,1015.6,13.33,30000,75000
830,834,488.5,6.24,16000,1e+05
685,689,226.32,15.31,6500,49500
740,744,882.47,8.39,28000,175000
695,699,225.84,9.99,7000,37000
825,829,273.92,6.03,9000,77800
660,664,834.33,19.24,32000,80000
675,679,276.06,13.49,12000,75000
705,709,886.07,19.52,24000,75138.48
685,689,549.77,18.99,15000,55000
675,679,1287.22,19.24,35000,73500
685,689,587.23,15.8,16750,45000
765,769,341.79,8.67,10800,85000
660,664,365.63,12.05,11000,37000
775,779,271.44,5.42,9000,62000
690,694,410.08,13.99,12000,142000
685,689,34.72,15.1,1000,20393
720,724,360.63,7.9,11525,42000
685,689,412.06,14.33,12000,48000
715,719,273.32,9.76,8500,38200
705,709,510.27,13.67,15000,90000
690,694,584.48,18.75,16000,56000
660,664,344.01,16.99,9650,49500
710,714,321.55,9.76,10000,27000
665,669,803.51,21.18,21275,65000
690,694,276.54,13.66,11975,80000
695,699,687.42,10.99,21000,48000
700,704,441.85,17.14,17725,42000
695,699,192.68,9.67,6000,45000
665,669,1141.97,16.29,32350,80000
755,759,189.67,8.59,6000,48000
680,684,259.44,17.76,7200,56000
675,679,327.34,10.99,10000,42500
660,664,270.91,13.35,8000,56000
690,694,889.09,8.9,28000,150000
715,719,317.54,8.9,10000,23520
670,674,68.99,14.65,2000,30000
660,664,171.78,17.27,4800,52000
675,679,180.18,18.49,4950,75000
665,669,284.35,16.78,8000,24243.6
670,674,557.08,15.31,16000,63000
740,744,184.23,6.62,6000,145000
725,729,643.1,9.76,20000,95000
715,719,300.2,18.25,8275,32827
660,664,256.67,16.99,7200,33280
660,664,310.29,22.15,11200,72000
660,664,241.15,18.49,6625,25000
680,684,535.19,12.49,16000,1e+05
750,754,244.66,10.75,7500,30028.8
685,689,366.76,13.33,16000,96000
675,679,434.73,15.8,12400,52200
710,714,1004.4,14.33,29250,65000
730,734,240.45,6.03,7900,60000
660,664,338.19,17.27,9450,48000
680,684,263.93,11.53,8000,47000
705,709,356.43,8.9,11225,71000
680,684,809.93,13.11,24000,105000
695,699,332.28,19.52,9000,27000
745,749,261.76,7.62,8400,52000
685,689,253.9,13.33,7500,130000
730,734,314.58,13.65,9250,35000
675,679,404.61,15.59,11575,30000
660,664,276.23,16.29,7825,27180
690,694,398.52,11.99,12000,90000
695,699,173.73,14.46,5050,37000
690,694,340.18,13.67,10000,45000
725,729,223.39,21.99,5850,19500
670,674,279.92,7.49,9000,50000
695,699,330.14,19.05,9000,52000
665,669,263.7,11.47,8000,30000
715,719,495.74,14.65,21000,115000
755,759,779.04,7.62,25000,94000
725,729,282.97,18.25,7800,51900
700,704,299.45,12.12,9000,60000
760,764,732.3,7.62,23500,1e+05
700,704,570.16,8.18,28000,145000
730,734,226.07,10.99,10400,70000
680,684,1223.77,15.61,35000,1e+05
745,749,571.56,8.9,18000,64500
755,759,321.13,9.67,10000,39000
690,694,416.73,19.19,16000,51000
700,704,491.01,10.99,15000,54600
760,764,438.07,7.9,14000,104000
760,764,371.72,10.99,17100,46608
760,764,38.54,9.67,1200,30000
710,714,849.2,28.14,27200,80000
680,684,399.26,12.12,12000,57000
690,694,297.52,11.67,9000,84000
665,669,221.53,8.67,7000,82000
780,784,946.89,8.49,30000,144000
660,664,172.09,14.49,5000,143000
690,694,581.09,15.8,24000,1e+05
710,714,232.91,12.12,7000,34250
675,679,167.34,18.84,4575,15360
670,674,469.44,16.55,13250,37000
720,724,366.37,6.24,12000,50000
675,679,307.52,13.98,9000,29000
775,779,728.58,11.67,33000,165000
670,674,204.14,13.68,6000,38000
830,834,213.05,6.03,7000,58000
800,804,459.67,6.49,15000,65000
670,674,524,23.1,18550,65000
690,694,406.36,13.35,12000,45000
740,744,503.93,9.49,24000,65000
690,694,1118.19,19.19,30425,84544.68
695,699,168.97,14.99,4875,60000
675,679,388.11,10.16,12000,45000
660,664,337.94,14.99,9750,59000
680,684,690.34,21.99,25000,65000
735,739,369.28,11.49,11200,50000
720,724,290.89,14.09,8500,40000
695,699,733.02,18.99,20000,50000
665,669,426.55,13.33,12600,45000
670,674,172.35,15.31,4950,17000
665,669,232.64,12.29,6975,28000
730,734,486.97,6.03,16000,92000
680,684,109.85,18.92,3000,30000
685,689,164.83,14.33,4800,120000
735,739,277.11,13.66,12000,43000
730,734,85.56,7.51,2750,14400
790,794,444.79,11.99,20000,51996
680,684,674.37,13.05,20000,64099.56
670,674,167.01,12.39,5000,24000
695,699,396.7,16.89,16000,95000
715,719,28.47,8.63,900,57000
730,734,201.74,12.85,6000,74000
720,724,196.28,6.54,6400,76644
705,709,344.9,14.64,10000,83000
670,674,265.15,10.99,8100,42000
715,719,404.97,13.11,12000,75000
690,694,654.39,7.62,21000,210000
665,669,873.57,18.49,24000,61000
665,669,422.41,16.99,17000,59000
695,699,396,11.55,12000,85000
720,724,498.15,11.99,15000,68000
720,724,228.02,10.65,7000,85000
710,714,635.07,8.9,20000,93000
770,774,309.4,7.14,10000,40000
665,669,377.26,11.14,11500,33500
745,749,782.69,14.31,22800,120000
720,724,297.96,16.29,12175,35000
775,779,623.23,7.62,20000,275000
750,754,545.96,12.99,24000,57000
755,759,192.4,5.99,8000,39996
680,684,254.8,18.49,7000,30000
745,749,429.86,6.62,14000,51000
675,679,191.28,9.17,6000,47340
660,664,446.19,22.47,16000,44000
710,714,545.33,7.62,17500,105000
675,679,243.73,15.31,7000,55000
660,664,503.19,17.58,14000,90000
695,699,385.33,15.1,11100,32000
765,769,186.67,7.51,6000,130992
670,674,283.24,18.55,7775,60000
695,699,369.88,15.88,15250,50000
670,674,364.64,19.19,14000,70000
740,744,103.03,9.99,4850,58000
730,734,181.39,18.25,5000,120360
810,814,210.01,6.03,6900,44000
665,669,634.5,21.18,16800,70000
695,699,332.99,14.99,14000,60000
665,669,344.95,14.65,10000,63000
775,779,500.19,9.17,24000,95000
715,719,867.9,7.26,28000,60000
670,674,629.86,11.14,19200,185000
705,709,206.41,14.46,6000,68000
660,664,91.71,19.05,2500,65000
740,744,832.3,6.39,27200,98000
715,719,500.19,9.17,24000,55000
795,799,203.12,13.33,6000,43000
680,684,774.01,13.68,22750,52000
670,674,171.7,14.33,5000,47000
695,699,503.93,15.61,20900,67000
685,689,385.79,15.61,16000,48800
775,779,487.04,18.25,13425,42000
710,714,856.54,16.29,35000,85000
715,719,982.02,10.99,30000,75000
675,679,555.55,15.99,22850,52000
690,694,1257.98,17.58,35000,96000
660,664,728.58,18.55,20000,65000
680,684,311.62,7.62,10000,45000
690,694,1006.24,17.57,28000,140000
720,724,590.15,8.39,18725,56000
680,684,480.68,19.72,18250,46000
685,689,293.75,19.52,11200,65000
725,729,637.56,18.2,25000,69500
705,709,835.62,15.31,24000,175000
695,699,344.2,7.9,11000,33372
715,719,191.28,9.17,6000,45000
685,689,340.18,13.67,10000,109200
660,664,73.14,14.49,2125,46000
690,694,662.44,6.62,21575,141000
700,704,673.79,12.99,20000,80000
665,669,1240.72,16.59,35000,609000
690,694,342.78,7.62,11000,56508
675,679,459.68,16.99,18500,58000
685,689,420.33,14.16,18000,65000
660,664,235.83,12.99,7000,46421.59
730,734,304.36,6.03,10000,70000
720,724,103.23,7.88,3300,67000
710,714,683.94,10.64,21000,360000
680,684,623.88,7.69,20000,150000
670,674,451.68,9.99,14000,80000
725,729,256.9,9.67,8000,62504
680,684,428.28,20.49,16000,58000
675,679,269.53,17.57,7500,64033
665,669,668.33,22.4,24000,70000
700,704,144.55,17.97,4000,84000
720,724,1016.15,18.99,27725,69446
720,724,375.43,7.89,12000,50986
675,679,164.83,14.33,4800,80000
740,744,469.92,17.99,13000,90000
660,664,255.04,9.17,8000,84000
665,669,223.71,17.57,6225,21000
715,719,111.53,12.12,5000,36000
665,669,99.63,11.99,3000,25000
715,719,214.2,6.39,7000,145000
690,694,428.13,14.99,18000,115000
750,754,517.41,6.03,17000,63000
670,674,246.04,11.14,7500,92745
670,674,609.14,17.57,16950,110000
690,694,351.85,14.65,10200,40000
660,664,218.4,18.49,6000,35000
700,704,419.65,19.52,16000,49900
700,704,478.19,9.17,15000,91000
685,689,344.17,14.49,10000,88000
680,684,672.44,12.85,20000,55000
665,669,194.87,15.27,5600,46000
675,679,342.22,14.09,10000,40000
660,664,161.32,9.99,5000,35000
665,669,265.68,11.99,8000,1e+05
760,764,351.6,14.33,15000,36000
710,714,412.79,13.35,18000,79000
675,679,326.07,10.99,15000,75400
680,684,139.86,15.61,4000,50000
685,689,621.18,16.99,25000,65000
720,724,187.75,7.9,6000,84000
685,689,202.49,13.11,6000,33800
720,724,124.58,10.64,3825,30000
735,739,247.46,7.12,8000,60000
730,734,750.97,7.9,24000,66000
700,704,204.11,13.67,6000,76000
670,674,383.01,16.29,10850,32540
675,679,411.67,14.26,12000,63000
680,684,425.62,18.24,16675,38000
670,674,278.54,15.31,8000,109000
690,694,686.77,14.33,20000,65000
675,679,463.91,21.99,16800,71000
685,689,114.77,11.11,3500,74880
700,704,204.11,13.67,6000,20000
700,704,255.3,18.25,10000,97000
680,684,1087.44,18.25,29975,75000
690,694,358.57,13.11,10625,60600
700,704,675.46,15.31,19400,75000
685,689,332.72,12.12,10000,48000
690,694,410.02,13.98,12000,108000
700,704,549.42,14.33,16000,65000
710,714,1115.77,9.17,35000,175000
660,664,501.74,12.49,15000,64000
685,689,838.66,19.19,32200,73204.08
665,669,689.79,14.64,20000,54000
675,679,347,12.99,10300,52000
665,669,307.31,6.68,10000,93077
670,674,842.23,12.99,25000,70000
665,669,352.76,16.24,10000,55000
690,694,277.86,6.99,9000,65000
675,679,273.78,14.09,8000,85000
700,704,327.34,10.99,10000,82000
720,724,563.23,7.9,18000,65000
670,674,361.83,18.24,9975,28000
730,734,212.78,10.99,6500,20000
665,669,421.65,15.96,12000,48000
690,694,361.67,15.61,15000,55000
660,664,464.98,16.29,19000,54000
680,684,175.59,18.85,4800,60000
725,729,200.2,18.49,5500,90000
665,669,102.94,23.7,3600,25000
695,699,124.18,14.16,3625,29000
720,724,197.84,6.03,6500,55000
725,729,482.23,15.61,20000,50000
710,714,702.07,18.25,27500,150000
675,679,646.67,20.31,24250,68000
790,794,331.76,5.42,11000,140000
670,674,323.38,14.46,9400,1e+05
665,669,478.01,25.89,16000,80000
705,709,956.37,9.17,30000,190000
710,714,557.89,9.17,17500,90000
700,704,843.4,13.65,24800,54000
700,704,1257.63,17.56,35000,90000
660,664,37.33,20.31,1000,12000
740,744,307.04,6.62,10000,70000
665,669,388.73,17.57,15450,68600
800,804,426.1,6.03,14000,80000
680,684,321.7,13.35,9500,41200
680,684,218.98,12.99,6500,37500
660,664,174.83,15.61,5000,76000
665,669,566.56,14.65,24000,90000
680,684,105.51,21.67,2775,52000
690,694,249.08,11.99,7500,25000
710,714,352.85,14.49,15000,40000
715,719,491.01,10.99,15000,70000
790,794,152.18,6.03,5000,118000
695,699,431.6,13.05,12800,55000
695,699,899.68,9.71,28000,240000
695,699,1037.44,19.52,28100,61165
665,669,540.96,20.99,20000,235000
700,704,615.82,16.59,25000,82000
730,734,856.39,14.16,25000,90000
680,684,143.53,13.99,4200,78000
730,734,515.99,8.9,16250,135000
665,669,440.56,15.61,12600,110000
690,694,164.74,11.44,5000,48000
695,699,215.67,16.99,6050,42000
690,694,353.01,16.29,10000,47620
675,679,207.94,14.98,6000,107000
665,669,439.33,16.55,12400,2e+05
755,759,382.77,15.61,15875,145000
730,734,172.1,7.9,5500,57000
665,669,183.32,10.99,5600,53000
685,689,658.05,19.69,25000,96000
680,684,346.56,14.98,10000,60000
660,664,533.22,15.61,15250,45000
675,679,405.72,20.99,15000,45000
705,709,342.56,14.16,10000,53000
795,799,330.41,10.99,15200,66000
660,664,393.42,19.52,15000,45000
725,729,483.94,9.99,15000,48000
685,689,693.67,18.2,27200,90000
680,684,136.64,23.63,3500,19000
735,739,664.57,13.44,19600,73000
680,684,345.11,25.57,11625,153151
695,699,269.98,13.11,8000,38000
700,704,443.05,8.67,14000,60000
660,664,416.58,15.1,12000,81300
695,699,572.32,13.98,16750,42000
760,764,179.69,17.57,5000,90000
685,689,1223.77,15.61,35000,80000
700,704,737.9,25.28,25000,88953
735,739,1204.57,14.49,35000,102765
735,739,1131.82,10.15,35000,80000
680,684,529.77,19.99,20000,56000
685,689,209.79,15.61,6000,92000
675,679,222.13,13.99,6500,25000
715,719,347.76,8.6,11000,75000
670,674,672.73,12.88,20000,45898.2
670,674,428.28,20.49,16000,67000
690,694,173.58,15.1,5000,50000
720,724,747.88,7.62,24000,150000
785,789,192.17,9.49,6000,54000
690,694,129.77,10.37,4000,63500
730,734,535.19,12.49,16000,48000
705,709,219.63,11.44,10000,95000
705,709,643.47,9.8,20000,55000
765,769,802.65,13.35,35000,80000
725,729,154.21,6.92,5000,39000
675,679,677.07,13.33,20000,60000
660,664,349.65,15.61,10000,91000
660,664,314.25,8.19,10000,50000
675,679,169.66,13.49,5000,38400
680,684,346.89,13.65,10200,145000
670,674,469.29,7.89,15000,97500
685,689,570.84,14.99,24000,102000
675,679,53.14,11.99,1600,57000
725,729,1107.63,8.67,35000,156000
665,669,362.78,18.25,10000,182500
660,664,257.67,17.27,7200,47000
675,679,222.4,11.99,10000,55000
685,689,334.65,22.47,12000,51000
680,684,400.82,12.39,12000,75000
720,724,655.82,11.11,20000,67000
680,684,349.49,17.57,9725,24360
660,664,573.67,10.99,17525,60000
675,679,137.49,10.99,4200,39000
710,714,462.41,6.89,15000,63000
665,669,198.05,16.82,8000,76000
710,714,412.06,14.33,12000,75452
675,679,486.01,15.1,14000,55000
680,684,494.82,13.05,14675,66000
665,669,348.18,15.31,10000,54000
670,674,503.18,12.69,15000,50000
665,669,448.85,12.39,20000,150000
680,684,401.87,13.99,17275,63500
770,774,123.73,7.12,4000,65000
720,724,232.29,9.99,7200,42000
705,709,305.99,6.39,10000,120000
690,694,633.21,17.88,25000,99800
715,719,1190.45,13.66,35000,80016.84
745,749,52.59,15.8,1500,30000
755,759,232.06,7.14,7500,21360
665,669,360.38,17.77,10000,1e+05
720,724,621.75,6.62,20250,160000
700,704,206.5,14.49,6000,38000
725,729,785.62,10.99,24000,85000
705,709,499.08,12.12,15000,70000
670,674,365.99,12.12,11000,55000
695,699,517.42,14.65,15000,104650
670,674,541.24,17.86,15000,50000
695,699,483.94,9.99,15000,80000
705,709,483.94,9.99,15000,71000
720,724,240.85,14.47,7000,31000
685,689,346.82,14.33,10100,29350
665,669,396,11.55,12000,65000
705,709,303.47,13.05,9000,42000
670,674,565.18,20.75,21000,70000
660,664,277.16,14.96,8000,65000
695,699,562.12,20.49,21000,55000
675,679,550.66,14.49,16000,1e+05
695,699,368.95,12.68,11000,39500
665,669,335.45,12.69,10000,80000
765,769,199.26,11.99,6000,75000
660,664,572.12,25.89,19150,60000
700,704,649.21,19.05,25000,58000
690,694,338.63,13.35,10000,47200
670,674,336.9,12.99,10000,45600
665,669,542.44,18.99,14800,33000
690,694,843.9,15.61,35000,110240
680,684,541.24,17.86,15000,45000
690,694,308.27,6.89,10000,73000
680,684,903.35,9.99,28000,225000
695,699,58.45,18.75,1600,86000
720,724,748.65,7.69,24000,210000
715,719,743.91,7.26,24000,80788
695,699,474.91,16.78,19200,60000
705,709,445.14,16.2,18225,60000
660,664,343.69,17.86,9525,24000
735,739,304.36,6.03,10000,62000
695,699,370.09,6.92,12000,70000
670,674,222.88,15.88,6350,22705
700,704,188,7.99,6000,45000
665,669,308.13,24.99,10500,35000
695,699,301.15,14.09,8800,60000
680,684,468.29,15.31,19550,58000
680,684,341.68,13.98,10000,120000
785,789,93.03,7.29,3000,70000
715,719,339.11,10.99,15600,45000
700,704,496.72,14.65,14400,57160
720,724,1166.31,23.32,30000,115000
690,694,374.79,14.3,16000,38240
760,764,542.07,5.32,18000,70000
695,699,676.34,21,25000,120000
690,694,880.61,17.57,35000,103495
675,679,712.96,16.99,20000,154000
660,664,187.17,7.69,6000,56000
665,669,314.2,8.18,10000,65000
665,669,472.4,11.14,14400,97728
750,754,828.35,11.83,25000,98000
750,754,1098.36,14.3,32000,163000
660,664,465.86,19.05,12700,55550
740,744,65.31,6.68,2125,55000
775,779,92.83,6.03,3050,47362
685,689,1120.99,9.49,35000,135852
660,664,306.03,18.2,12000,73000
720,724,561.91,15.23,23500,73000
660,664,645.48,12.12,19400,105000
660,664,922.69,18.99,25175,103000
735,739,381.04,8.9,12000,70000
705,709,497.4,6.62,16200,90000
660,664,163.67,10.99,5000,114000
720,724,312.86,7.89,10000,76000
685,689,432.99,17.86,12000,82500
660,664,693.21,14.99,20000,90000
695,699,280.98,12.49,8400,68000
695,699,90.77,12.84,2700,45000
690,694,46.53,17.27,1300,34807
690,694,336.9,12.99,10000,60000
750,754,608.72,6.03,20000,62500
660,664,323.21,14.99,9325,26000
675,679,119.78,14.09,3500,27000
725,729,250.33,7.9,8000,58380
690,694,674.94,13.11,20000,125000
700,704,154.14,6.89,5000,85000
680,684,662.72,21.99,24000,64000
695,699,581.09,15.8,24000,75000
750,754,875.6,8.9,27575,69000
675,679,118.96,13.11,3525,65000
660,664,550.19,13.99,16100,38500
685,689,334.25,15.31,9600,84000
705,709,266.18,12.12,8000,78000
715,719,481.97,9.71,15000,80000
730,734,334.8,6.03,11000,98400
665,669,209.5,10.99,6400,38400
760,764,686.57,14.31,20000,90000
765,769,108.42,5.32,3600,55000
705,709,471.37,8.19,15000,1e+05
665,669,282.41,16.29,8000,63000
715,719,201.05,15.61,5750,90000
660,664,332.1,11.99,10000,42000
675,679,540.14,19.97,20400,147400
660,664,314.25,10.99,9600,202000
695,699,782.72,8.9,24650,97333
675,679,165.38,11.71,5000,170000
725,729,734.18,16.29,30000,132000
735,739,463.6,8.9,14600,45000
665,669,288.32,24.11,10000,43000
745,749,224.92,9.71,7000,39000
685,689,273.78,14.09,8000,41871
700,704,304.59,14.31,13000,45000
665,669,289.86,15.31,8325,25000
665,669,305.8,14.49,13000,98500
685,689,535.16,14.99,22500,78875
740,744,368.45,6.62,12000,40000
680,684,275.29,16.49,11200,56000
700,704,358.78,10.74,11000,70000
660,664,209.79,15.61,6000,90460
745,749,375.37,7.88,12000,72000
725,729,628.87,17.56,25000,87000
740,744,624.79,7.62,20050,46300
695,699,267.73,14.3,7800,47200
735,739,222.28,8.9,7000,56300
660,664,434.01,15.61,18000,103000
705,709,214.52,6.49,7000,60000
710,714,593.63,9.99,18400,53500
720,724,270.74,15.22,11325,50000
695,699,483.94,9.99,15000,69000
685,689,660,11.55,20000,62000
685,689,237.52,13.49,7000,79000
660,664,136.7,13.99,4000,82000
695,699,449.86,12.49,20000,85000
660,664,244.88,24.5,6200,40000
785,789,309.42,7.14,10000,51996
765,769,644.27,7.62,20675,59005
710,714,206.03,14.33,6000,57000
710,714,351.64,17.49,14000,35000
705,709,46.71,23.4,1200,23976
670,674,310.09,24.99,7800,23000
695,699,436.71,7.69,14000,90000
725,729,168.97,11.12,7750,90000
735,739,476.3,8.9,15000,1e+05
730,734,784.78,21.18,28900,78000
760,764,312.91,7.9,10000,50000
660,664,336.94,15.88,9600,95000
725,729,387.22,6.68,12600,73800
680,684,550.39,13.35,24000,75000
685,689,296.34,7.69,9500,35376
710,714,340.23,13.68,10000,40000
665,669,56.06,15.61,2325,60000
700,704,166.36,12.12,5000,1e+05
705,709,630.34,8.39,20000,75000
685,689,361.52,12.69,16000,87500
780,784,365.23,6.03,12000,77000
700,704,498.02,16.29,20350,58000
715,719,365.31,11.99,11000,60000
660,664,760.99,22.99,27000,66000
665,669,264.14,17.57,7350,117000
665,669,274.05,14.16,8000,60000
720,724,465.27,13.99,20000,65000
690,694,247.97,7.26,8000,1e+05
735,739,300.11,9.17,14400,65000
705,709,452.73,10.15,14000,70000
725,729,797.03,11.99,24000,185000
710,714,84.88,13.53,2500,33000
695,699,253.18,17.86,10000,50000
710,714,333.6,11.99,15000,60000
715,719,684.29,13.11,30000,110000
695,699,944.3,14.33,27500,74000
660,664,561.49,7.69,18000,180000
660,664,542.89,19.05,14800,39400
670,674,417.44,16.99,16800,86000
670,674,292.12,20.99,10800,50000
690,694,402.54,12.69,12000,45000
660,664,382.55,9.17,12000,290000
690,694,137.61,14.46,4000,105000
720,724,555.55,6.97,18000,82000
680,684,285.51,13.61,8400,65280
770,774,332.1,11.99,10000,50000
660,664,365.95,19.36,14000,61000
700,704,172.5,17.57,4800,18412
690,694,118.67,11.47,3600,52000
665,669,311.49,19.03,12000,34000
680,684,230.74,11.47,7000,103100
680,684,909.97,14.33,26500,1e+05
705,709,516.2,9.99,16000,60000
710,714,666.82,8.9,21000,80000
670,674,135.42,13.33,4000,41772
670,674,570.58,18.99,22000,125000
700,704,565.18,10.99,26000,79000
805,809,213.26,10.16,10000,90000
680,684,755.24,15.61,21600,79000
675,679,660.23,22.47,23675,54000
720,724,439.09,8.18,13975,62000
670,674,538.34,16.29,15250,57000
680,684,160.15,9.49,5000,95000
680,684,533.49,18.75,20675,75000
660,664,436.79,18.49,12000,75000
680,684,560.84,11.53,17000,110000
660,664,693.21,14.99,20000,76000
710,714,266.18,12.12,8000,30000
715,719,317.54,8.9,10000,65000
680,684,468.29,12.49,14000,39800
680,684,171.11,14.09,5000,60000
695,699,793.18,25.09,26975,77644
705,709,285.78,8.9,9000,52000
670,674,494.86,11.53,15000,99800
745,749,771.02,6.92,25000,130000
695,699,60.73,12.12,1825,12456
680,684,510.27,13.67,15000,96000
675,679,350.59,15.8,10000,71000
675,679,68.68,14.33,2000,52000
680,684,515.74,14.42,15000,110000
665,669,401.37,25.09,13650,45000
680,684,444.55,8.9,14000,40000
690,694,487.45,15.31,14000,90000
670,674,566.32,13.66,16650,37960
715,719,164.22,11.22,5000,45000
680,684,550.22,19.05,15000,95000
740,744,311.48,7.59,10000,185000
705,709,956.35,21.48,35000,115000
675,679,282.41,16.29,8000,64000
675,679,369.6,14.09,10800,79000
765,769,95.64,9.17,3000,80000
725,729,36.92,19.52,1000,85000
710,714,243.13,5.93,8000,65000
720,724,921.85,19.72,35000,120000
665,669,233.48,12.29,7000,52000
660,664,355.67,14.85,15000,130000
685,689,81.43,10.64,2500,45000
745,749,625.72,7.89,20000,80000
695,699,686.77,14.33,20000,52000
700,704,461.96,13.67,20000,185000
730,734,469.36,7.9,15000,72000
680,684,298.23,21.99,10800,30000
685,689,595.03,11.67,18000,80000
740,744,776.11,10.15,24000,250000
690,694,640.57,9.49,20000,104000
695,699,870.07,15.28,25000,53000
670,674,292.81,17.77,8125,24000
685,689,411.89,14.3,12000,39000
720,724,880.61,17.57,35000,120000
660,664,152.35,19.99,4100,65000
685,689,677.26,13.35,20000,60000
665,669,228.35,10.75,7000,45000
675,679,163.67,10.99,5000,50000
725,729,212.87,10.49,6550,45000
665,669,237.99,17.27,6650,33000
685,689,293.67,16.29,12000,69000
695,699,858.46,14.33,25000,80000
690,694,375.43,7.89,12000,78000
660,664,404.27,12.99,12000,72000
660,664,1145.69,10.99,35000,153000
675,679,79.96,10.78,2450,38000
710,714,1010.68,12.99,30000,81225
715,719,93.88,7.9,3000,75000
660,664,170.87,13.99,5000,24500
680,684,874.4,14.3,25475,74565
675,679,638.25,18.25,25000,62500
665,669,255.61,13.8,7500,68000
715,719,219.04,7.9,7000,47805
670,674,220.62,8.39,7000,66000
680,684,272.15,13.67,8000,70000
680,684,90.76,18.3,2500,14400
675,679,435.08,16.29,12325,70000
690,694,581.64,19.47,22200,53000
730,734,843.63,13.11,25000,89000
665,669,136.68,13.98,4000,55450
695,699,362.78,18.25,10000,47000
710,714,273.03,20.49,10200,72000
660,664,504.33,12.85,15000,111305
695,699,166.05,11.99,5000,65478
675,679,1015.89,13.35,30000,1e+05
690,694,657.1,7.9,21000,1e+05
700,704,665.98,14.99,28000,75000
665,669,223.16,9.17,7000,75000
765,769,183.87,6.49,6000,45750
665,669,540.71,13.98,15825,36000
695,699,1234.65,16.24,35000,1e+05
715,719,539.83,12.49,24000,130000
680,684,456.54,6.03,15000,126000
680,684,410.02,13.98,12000,42000
660,664,68.65,14.3,2000,35000
700,704,124.42,13.33,3675,18000
760,764,370.48,6.99,12000,125000
720,724,292.49,17.57,11625,43000
680,684,496.22,11.72,15000,66000
715,719,170.87,13.99,5000,50000
715,719,501.23,12.42,15000,77000
665,669,104.43,16.49,2950,19200
665,669,491.01,10.99,15000,57200
665,669,372.71,16.99,15000,65000
660,664,346.61,14.99,10000,65000
680,684,441.69,13.99,12925,42000
670,674,307.52,13.98,9000,35000
690,694,778.76,19.99,29400,70000
665,669,637.27,18.84,24650,65000
675,679,304.84,8.9,9600,75000
675,679,500.64,18.25,13800,64032.84
690,694,720.49,14.27,21000,90000
730,734,726.36,15.8,30000,84000
680,684,170.07,13.66,5000,34000
730,734,276.15,9.99,13000,137000
750,754,214.93,6.62,7000,45000
695,699,270.48,20.99,10000,38000
685,689,216.5,17.86,6000,38755
690,694,678.61,13.49,20000,81000
680,684,99.82,12.12,3000,30000
710,714,288.66,17.86,8000,32000
705,709,377.41,17.57,15000,52500
680,684,573.39,23.83,20000,95000
690,694,444.68,14.33,12950,38600
710,714,341.22,12.99,15000,60000
665,669,290.37,9.99,9000,58000
700,704,240.37,14.33,7000,34000
700,704,478.36,13.98,14000,41500
665,669,378.76,8.49,12000,130000
790,794,700.02,6.03,23000,1e+05
665,669,937.06,20.5,35000,210000
685,689,136.31,13.79,4000,45000
685,689,164.09,15.88,4675,35000
695,699,424.85,9.99,20000,75000
690,694,289.18,17.99,8000,35000
670,674,307.73,11.55,9325,35000
675,679,294.61,10.99,9000,83000
680,684,72.08,17.77,2000,20000
705,709,578.37,9.71,18000,60000
695,699,310.51,14.49,13200,58000
670,674,570.37,16.99,16000,167900
735,739,898.13,18.49,35000,1e+05
670,674,341.68,13.98,10000,32000
720,724,946.68,20.99,35000,93000
715,719,152.82,10.16,4725,39000
710,714,348.76,7.12,11275,65000
720,724,926.18,6.99,30000,92000
700,704,259.36,18.99,10000,67836
670,674,429.38,12.69,12800,121000
665,669,851.53,18.55,23375,120000
700,704,54.68,13.99,1600,60000
685,689,1179.92,16.29,33425,75000
670,674,412.06,14.33,12000,43000
690,694,685.8,21.67,25000,73000
675,679,76.6,15.31,2200,57000
690,694,811.44,20.99,30000,75000
685,689,214.52,6.49,7000,52000
680,684,260.44,19.05,7100,35000
670,674,514.1,9.71,16000,1e+05
730,734,793.84,8.9,25000,99000
665,669,283.47,6.49,9250,145000
670,674,237.52,13.49,7000,45000
685,689,379.36,9.17,11900,44000
690,694,337.19,13.05,10000,38200
685,689,272.07,13.65,8000,80000
665,669,196.86,15.99,5600,75000
680,684,365.99,12.12,11000,70000
680,684,198.91,6,15000,85000
665,669,731.55,27.88,23550,62000
755,759,153.52,6.62,5000,50000
695,699,272.25,9.49,8500,105000
695,699,219.04,7.9,7000,225000
705,709,466.04,18.39,25975,55200
675,679,308.41,6.92,10000,85000
695,699,275.96,14.65,8000,38400
685,689,66.71,12.29,2000,75000
670,674,287.77,18.55,11200,90000
790,794,723.34,15.61,30000,175000
690,694,1121.07,14.65,32500,189875
750,754,317.54,8.9,10000,65000
705,709,332.72,12.12,10000,51121
675,679,235.18,14.48,10000,52000
730,734,571.56,8.9,18000,68500
665,669,196.54,10.75,6025,93000
700,704,535.95,12.59,16000,65000
675,679,205.01,13.98,6000,89849
705,709,869.21,15.21,25000,135000
695,699,820.15,13.99,24000,145000
675,679,501.74,12.49,15000,102000
675,679,167.13,15.31,4800,67000
685,689,835.03,12.39,25000,129272
720,724,195.51,6.54,10000,52000
660,664,338.07,16.49,9550,32000
690,694,510.07,9.17,16000,90000
680,684,501.31,7.99,16000,83000
660,664,114.73,16.29,3250,33000
710,714,293.74,12.69,13000,56896.82
690,694,477.71,12.99,21000,84000
755,759,623.23,7.62,20000,95000
665,669,135.73,13.49,4000,40000
660,664,306.83,22.15,11075,110000
715,719,163.49,8.88,5150,50000
715,719,187.75,7.9,6000,80000
670,674,209.56,14.65,6075,35500
670,674,100.77,20.31,2700,45000
695,699,170.84,13.98,5000,23513
740,744,446.61,7.89,14275,30000
805,809,858.05,6.49,28000,109000
705,709,682.69,15.61,19525,60000
700,704,465.84,7.39,15000,58000
740,744,160.15,9.49,5000,180000
670,674,336.9,12.99,10000,60000
715,719,381.04,8.9,12000,35000
665,669,238.43,15.1,10000,75000
700,704,372.66,20.2,10000,65000
725,729,750.97,7.9,24000,112000
695,699,335.35,15.31,14000,57000
680,684,448.4,9.49,14000,95000
695,699,252.26,17.77,7000,70000
720,724,279.8,12.99,12300,60000
740,744,624.95,17.27,25000,86000
690,694,237.85,14.99,10000,55000
680,684,451.29,15.1,13000,90000
695,699,586.19,16.2,24000,79100
705,709,297.71,13.98,12800,58000
720,724,210.87,10.37,6500,30000
695,699,120.75,12.68,3600,42000
715,719,345.67,8.19,11000,41600
715,719,246.09,8.9,7750,55000
715,719,328.64,11.26,10000,112000
680,684,513.33,14.09,15000,47500
690,694,232.47,11.99,7000,40000
670,674,375.85,13.98,11000,44000
710,714,194.31,10.25,6000,55840
660,664,321.73,16.99,9025,75000
675,679,80.28,12.49,2400,48000
735,739,229.23,13.33,10000,45760
680,684,227.08,12.12,6825,65000
695,699,498.15,11.99,15000,45000
690,694,693.12,14.98,20000,72000
715,719,366.37,10.36,17100,75000
670,674,777.27,22.95,27600,71584
745,749,579.79,9.88,18000,70000
670,674,166.05,11.99,5000,55000
765,769,524.68,6.97,17000,76400
665,669,392.66,15.8,11200,37000
675,679,472.82,19.99,17850,49600
720,724,697.18,22.47,25000,90000
730,734,1067.15,10.15,33000,85000
700,704,412.06,14.33,12000,82000
720,724,1201.84,14.33,35000,202000
790,794,681.31,11.47,31000,62000
665,669,246.8,16.2,7000,45000
680,684,206.75,19.52,5600,57000
685,689,528.24,20.2,14175,62000
675,679,160.4,10.99,4900,65000
660,664,536.1,20.2,20150,60000
665,669,310.32,15.61,8875,33000
675,679,348.87,13.98,15000,107000
670,674,893.73,23.63,31300,70000
665,669,476.79,19.99,18000,42000
685,689,649.33,17.27,25975,62500
690,694,332.72,12.12,10000,55000
740,744,368.45,6.62,12000,80000
690,694,494.22,11.44,15000,78000
675,679,423.67,14.98,12225,35000
680,684,174.83,15.61,5000,75000
695,699,574.88,15.31,24000,95000
685,689,649.29,21,24000,90000
705,709,232.64,13.99,10000,110000
760,764,521.7,10.99,24000,55000
720,724,247.13,14.3,7200,91000
670,674,366.51,18.99,10000,52800
675,679,188.44,15.8,5375,20000
675,679,356.48,16.99,10000,35000
660,664,365.3,18.75,10000,36000
665,669,1247.68,16.99,35000,115000
670,674,197.92,18.99,5400,42000
695,699,327.34,10.99,10000,33000
720,724,658.65,14.49,28000,90000
675,679,83.68,13.24,16000,50000
660,664,255.04,9.17,8000,70000
690,694,492.28,24.99,16775,52000
665,669,333.59,16.29,9450,29000
670,674,306.36,18.25,12000,39000
680,684,396.14,11.53,18000,74000
670,674,299.97,17.76,8325,25000
690,694,536.13,18.25,21000,99000
665,669,614.48,16.49,25000,80000
690,694,149.66,20.49,4000,25000
700,704,323.38,10.15,10000,55000
675,679,532.02,14.3,15500,129500
765,769,258.99,5.32,8600,85000
665,669,329.48,11.44,10000,130000
695,699,236.64,13.23,7000,47200
705,709,478.33,7.62,15350,101494
705,709,185.61,13.11,5500,20000
715,719,243.49,6.03,8000,90000
675,679,339.65,14.09,9925,66197
665,669,170.09,13.67,5000,49000
670,674,477.93,21.18,17600,56000
675,679,34.82,15.31,1000,38112
690,694,332.72,12.12,10000,69000
675,679,325.11,12.99,9650,65000
710,714,145.55,10.16,4500,250000
685,689,311.02,7.49,10000,74000
680,684,336.22,12.85,10000,52000
675,679,397.56,16.99,16000,96000
740,744,250.33,7.9,8000,50000
715,719,1013.07,25.83,33950,85000
680,684,654.68,10.99,20000,63000
720,724,478.5,11.55,14500,66000
700,704,182.42,10.65,5600,35000
740,744,586,14.33,25000,110000
670,674,308.72,19.19,8400,140000
665,669,577.32,22.95,20500,55000
745,749,122.58,6.49,4000,43500
710,714,281.58,7.89,9000,53000
720,724,517.41,6.03,17000,120000
705,709,93.88,7.9,3000,42000
800,804,361.92,5.42,12000,19008
730,734,219.04,7.9,7000,30000
675,679,233.88,11.67,7075,55000
750,754,750.97,7.9,24000,83200
670,674,359.33,17.56,10000,211000
770,774,542.07,5.32,18000,81000
710,714,673.36,10.64,20675,79000
690,694,137.36,14.33,4000,13884
780,784,761.31,12.29,34000,92000
680,684,286.92,9.17,9000,62000
725,729,409.98,16.99,16500,70000
675,679,542.28,12.69,24000,110700
680,684,501.74,12.49,15000,58000
675,679,725.56,18.25,20000,72000
675,679,202.49,13.11,6000,58000
740,744,373.94,7.62,12000,85000
705,709,1101.01,14.47,32000,212000
745,749,630.39,10.99,29000,85000
705,709,621.18,16.99,25000,76000
670,674,779.48,19.05,21250,80000
735,739,488.53,13.99,21000,66600
675,679,304.53,17.97,12000,63000
700,704,554.2,15.61,15850,41840
705,709,447.74,10.15,21000,110000
660,664,339.91,21.18,9000,90000
715,719,521.1,10.64,16000,67951
660,664,270.91,13.35,8000,40000
690,694,185.3,12.99,5500,49000
800,804,304.36,6.03,10000,126360
690,694,254.89,11.99,7675,85000
715,719,861.37,25.99,28775,80000
670,674,431.57,18.54,16800,81000
745,749,421.61,5.32,14000,80000
705,709,256.67,16.99,7200,37000
805,809,389.58,6.03,12800,1e+05
660,664,101.56,13.33,3000,26000
675,679,517.06,18.84,20000,94000
660,664,136.04,13.65,4000,34215
660,664,67.38,12.99,2000,60000
710,714,673.79,12.99,20000,60000
665,669,354.72,16.59,14400,69990
660,664,169.27,13.33,5000,17000
665,669,469.53,24.99,16000,115000
675,679,196.83,17.27,5500,25000
840,844,334.8,6.03,11000,90000
675,679,722.46,18.85,19750,50000
705,709,328.06,11.14,10000,40000
720,724,625.81,7.9,20000,75000
740,744,292.93,18.92,8000,64000
695,699,332.72,12.12,10000,70000
685,689,451.73,5.32,15000,180000
660,664,269.52,12.99,8000,30000
755,759,243.49,6.03,8000,39000
690,694,481.82,20.49,18000,55000
665,669,216.2,17.76,6000,51000
695,699,1278.55,18.75,35000,92000
670,674,83.9,15.59,2400,40000
710,714,506.56,13.16,15000,40000
665,669,730.03,12.49,21825,60000
700,704,110.48,14.16,3225,18000
685,689,340.44,10.99,10400,47000
695,699,699.1,15.59,20000,70000
670,674,343.29,14.31,10000,45000
685,689,430.37,13.99,18500,60000
670,674,532.78,14.99,22400,78000
685,689,986.9,6.92,32000,91000
705,709,183.26,18.99,5000,78000
660,664,410.84,19.05,11200,37700
710,714,479.12,12.12,14400,65000
690,694,545.46,16.89,22000,94500
695,699,361.38,5.32,12000,70000
670,674,473.43,18.25,13050,52000
670,674,348.18,15.31,10000,60000
675,679,425.39,16.59,12000,40000
700,704,86.28,13.98,2525,57500
670,674,475.7,14.99,20000,85000
695,699,474.09,19.72,18000,127000
725,729,471.14,14.33,20100,45198
690,694,514.51,15.8,21250,48000
695,699,398.52,11.99,12000,45000
675,679,318.87,16.55,9000,35000
775,779,420.66,7.89,20800,90000
675,679,648.38,18.99,25000,1e+05
705,709,207.97,14.99,6000,28723
695,699,410.66,14.09,12000,64000
680,684,241.83,12.29,10800,41000
715,719,598.89,12.12,18000,80000
720,724,409.47,12.99,18000,49000
725,729,327.34,10.99,10000,58000
705,709,918.55,11.14,28000,155000
695,699,358.73,7.69,11500,36000
725,729,642.25,9.67,20000,152000
685,689,155.98,14.99,4500,26000
730,734,872.52,7.62,28000,95000
665,669,128.84,17.27,3600,35000
695,699,451.68,9.99,14000,52000
685,689,191.07,15.8,5450,41000
670,674,181.39,18.25,5000,66000
700,704,306.45,6.49,10000,80000
765,769,112.19,7.62,3600,45000
700,704,187.72,7.89,6000,40975
670,674,1269.73,18.25,35000,94000
715,719,158.68,11.67,4800,75000
720,724,371.22,13.11,11000,51488
660,664,34.67,14.99,1000,87000
665,669,361.18,18.84,9875,33000
680,684,258.6,10.99,7900,74820
710,714,483.94,9.99,15000,60000
765,769,197.83,11.49,6000,55000
685,689,216.23,17.77,6000,50000
660,664,159.25,18.49,4375,35000
735,739,148.73,10,7000,84000
680,684,727.11,19.99,27450,78000
710,714,546.64,16.99,22000,99000
675,679,479.58,14.16,14000,114000
690,694,626.2,9.67,19500,240000
660,664,91,18.49,2500,108000
715,719,338.93,12.69,15000,38000
770,774,376.64,6.03,12375,80000
700,704,166.77,12.29,5000,65000
690,694,265.68,11.99,8000,68000
690,694,599.56,13.67,17625,40000
775,779,644.78,6.62,21000,102000
680,684,472.32,16.29,19300,42000
665,669,505.37,26.77,16625,80000
710,714,874.93,17.27,35000,1e+05
665,669,668.98,12.49,20000,60000
660,664,219.91,18.99,6000,60320
725,729,483.01,7.62,15500,140000
660,664,384.35,22.47,10000,65000
690,694,86.66,14.99,2500,54000
690,694,276.99,12.12,8325,24000
690,694,265.18,11.86,8000,91000
710,714,756.4,8.39,24000,130000
680,684,270.48,20.99,10000,55000
700,704,404.19,16.29,11450,61000
680,684,120.46,16.55,3400,40000
695,699,254.91,9.99,12000,55935
665,669,332.7,14.98,9600,45000
680,684,263.78,11.49,8000,82500
690,694,831.52,14.96,24000,66000
685,689,475.68,11.14,14500,105000
675,679,423.42,14.49,18000,55000
765,769,555.8,14.16,16225,79000
670,674,314.69,15.61,9000,55000
720,724,436.25,11.14,20000,110000
675,679,594.86,25.29,20150,48000
680,684,222.6,10.99,6800,77500
735,739,210.35,10,9900,46400
695,699,1275.02,18.55,35000,93000
730,734,900.33,9.76,28000,120000
690,694,86.33,14.72,2500,46500
660,664,193.23,19.99,5200,28000
680,684,219.95,15.22,6325,185500
690,694,358.47,14.09,10475,70000
690,694,491.01,10.99,15000,105000
725,729,312.91,7.9,10000,33000
675,679,973.65,15.22,28000,98000
715,719,567.22,8.38,18000,56000
680,684,1286.86,19.22,35000,175500
695,699,609.31,15.31,17500,95000
685,689,393.55,14.09,11500,51500
670,674,326.44,20.49,8725,102544
690,694,332.72,12.12,10000,31720
710,714,93.88,7.9,3000,42000
660,664,336.9,12.99,10000,150000
660,664,374.2,17.14,10475,35000
675,679,294.44,20.49,11000,68000
665,669,300.06,16.29,8500,36000
660,664,119.91,19.47,3250,35000
750,754,787.92,8.39,25000,60000
665,669,205.98,14.31,6000,54000
660,664,343.24,14.3,10000,53000
695,699,438.37,11.99,13200,42000
695,699,544.03,11.49,16500,41300
685,689,783.7,12.29,35000,180000
750,754,523.5,6.03,17200,101000
675,679,245.6,7.89,7850,56000
680,684,251.61,17.57,10000,91000
695,699,388.86,16.55,15800,65000
680,684,184.5,12.69,5500,63048
700,704,488.79,22.2,17625,45000
695,699,184.64,11.49,5600,50000
660,664,347.74,15.22,10000,55000
745,749,279.1,13.98,12000,250000
670,674,293.91,26.99,7200,30000
705,709,916.13,23.76,32000,110000
710,714,435.25,12.69,12975,43000
665,669,81.65,13.67,2400,24500
670,674,348.18,15.31,10000,35000
715,719,623.3,11.14,19000,42400
675,679,419.58,15.61,12000,90000
670,674,534.2,20.99,19750,55000
665,669,51.81,14.74,1500,38004
715,719,321.32,9.71,10000,30000
780,784,312.91,7.9,10000,35000
770,774,272.96,9.67,8500,83000
695,699,157.47,11.14,4800,50000
670,674,304.68,13.33,9000,80000
665,669,661.27,16.99,18550,49400
695,699,597.75,15.8,17050,39000
680,684,612.89,6.49,20000,2e+05
685,689,193.01,14.59,5600,14400
695,699,485.07,10.15,15000,90000
660,664,382.68,18.24,10550,43000
665,669,554.5,14.65,16075,50000
665,669,286.94,10.99,13200,38000
675,679,246.89,15.22,7100,42000
800,804,290.24,10.59,18000,68000
735,739,224.79,9.67,7000,1e+05
760,764,454.96,12.99,20000,70000
725,729,93.31,7.49,3000,77000
680,684,342.94,17.14,9600,73000
720,724,437.09,12.85,13000,1e+05
680,684,222.7,12.05,10000,55000
710,714,91.63,18.99,2500,32970
665,669,141.58,21.15,3750,63600
690,694,569.65,23.63,19950,56000
660,664,365.63,21.99,9575,30000
665,669,744.02,16.55,21000,72000
660,664,555.66,18.99,21425,60299
660,664,227.5,18.49,6250,22000
660,664,600.36,12.29,18000,120000
810,814,829,6.62,27000,111000
705,709,765.99,9.25,24000,70000
735,739,272.98,12.99,12000,50000
745,749,280.46,7.62,9000,80000
685,689,1154.66,11.53,35000,170000
670,674,593.06,11.44,18000,48000
720,724,166.77,12.29,5000,33500
675,679,251.75,15.61,7200,35000
735,739,460.97,6.68,15000,111000
660,664,755.48,22.4,19675,60000
740,744,367.73,12.69,16275,50000
670,674,1223.77,15.61,35000,3e+05
730,734,564.57,11.99,17000,75000
685,689,367.42,14.33,10700,80000
680,684,361.88,23.43,12725,40000
760,764,268.72,9.99,18000,110004
690,694,64.53,9.99,2000,36200
715,719,535.25,14.16,15625,96456
665,669,195.73,10.75,6000,68000
710,714,195.73,10.75,6000,30000
675,679,335.87,12.29,15000,45000
710,714,856.54,16.29,35000,88000
725,729,333.35,13.23,23500,51000
660,664,238.13,13.67,7000,37440
665,669,664.2,11.99,20000,122443
680,684,606.33,18.25,23750,54000
725,729,353.01,16.29,10000,38400
715,719,264.09,11.14,8050,78000
700,704,232.29,9.99,7200,60000
680,684,150.71,21,4000,24500
680,684,850.32,13.66,25000,235000
660,664,434.45,25.88,10800,36000
730,734,494.86,11.53,15000,60000
675,679,757.52,22.45,27175,122646
695,699,870.85,7.49,28000,1e+05
660,664,397.56,16.99,16000,126000
725,729,536.63,8.9,16900,57900
700,704,98.21,10.99,3000,1e+05
695,699,337.47,13.11,10000,54978
675,679,104.15,15.1,3000,50000
670,674,396.3,17.1,11100,32000
660,664,469.36,7.9,15000,51000
670,674,159.17,9.76,4950,42000
685,689,136.7,13.99,4000,70000
665,669,119.56,11.99,3600,45000
705,709,602.36,22.47,21600,50000
765,769,362.34,12.79,16000,72000
695,699,665.44,12.12,20000,1e+05
685,689,266.83,12.29,8000,28000
720,724,152.18,6.03,5000,35000
675,679,239.21,13.99,7000,37000
690,694,476.85,15.1,20000,81000
680,684,203.12,13.33,6000,27336
695,699,495.11,10.99,15125,56000
670,674,505.41,15.88,14400,42000
725,729,681.13,16.55,19225,82000
680,684,298.17,16.99,12000,51000
775,779,645.25,9.99,20000,150000
670,674,499.08,12.12,15000,133000
720,724,194.68,10.38,6000,92004
720,724,256.97,10.99,7850,35000
685,689,752.87,14.09,22000,49000
675,679,435.22,15.31,12500,56000
660,664,979.02,15.61,28000,125000
700,704,163.31,13.68,4800,40000
660,664,658.95,11.44,20000,65000
730,734,261.88,10.99,8000,45000
750,754,508.06,8.9,16000,70000
675,679,972.78,15.22,27975,63000
695,699,384.56,18.84,14875,70000
760,764,184.23,6.62,6000,52000
690,694,210.56,11.34,6400,52000
785,789,357.21,10.16,16750,52000
695,699,164.74,11.44,5000,50000
695,699,377.04,8.18,12000,65000
670,674,177.22,19.52,4800,110000
700,704,225.51,17.57,6275,36000
690,694,763.71,21.99,20000,108900
720,724,185.98,7.26,6000,28690
670,674,536.81,17.27,15000,68000
670,674,1240.72,16.59,35000,154000
715,719,708.69,13.11,21000,1e+05
665,669,852.88,16.99,23925,65000
675,679,612.32,13.67,18000,84000
710,714,282.6,11.67,12800,95000
730,734,155.81,7.62,5000,70000
700,704,354.03,14.64,15000,92500
690,694,198,11.55,6000,70000
730,734,82.37,11.44,2500,33000
660,664,288.66,17.86,8000,20000
675,679,257.43,14.3,7500,35000
735,739,872.52,7.62,28000,220000
660,664,454.91,12.49,13600,130000
730,734,192.93,9.76,6000,120000
665,669,283.8,17.77,7875,31000
670,674,343.99,13.35,15000,60000
720,724,154.99,7.26,5000,109000
690,694,676.2,20.99,25000,85000
665,669,399.59,14.99,16800,42000
715,719,408.39,18.24,16000,89000
690,694,1190.62,13.67,35000,80000
740,744,518.16,10.25,16000,53000
660,664,330.14,19.05,9000,38000
685,689,589.22,10.99,18000,60000
705,709,853.34,20.31,32000,3e+05
675,679,191.28,9.17,6000,54000
675,679,160.75,9.75,5000,75000
675,679,387.79,18.84,15000,50000
705,709,513.93,16.29,21000,79000
695,699,488.53,10.64,15000,45000
665,669,955.93,17.57,26600,70000
685,689,693.81,15.61,28775,60000
685,689,499.08,12.12,15000,75450
685,689,278.15,10.16,8600,32000
685,689,283.6,16.59,8000,103000
700,704,491.61,9.71,15300,64000
675,679,321.66,15.22,9250,35000
690,694,616.6,14.16,18000,87600
705,709,365.23,6.03,12000,115500
740,744,267.06,12.35,8000,41000
665,669,585.74,24.89,20000,86000
765,769,667.19,11.99,30000,75000
695,699,538.77,18.99,14700,80000
665,669,136.16,16.82,5500,28000
680,684,351.53,15.99,10000,52000
665,669,185.3,12.99,5500,50000
675,679,290.23,18.25,8000,50000
665,669,423.61,16.29,12000,72000
670,674,456.39,20.49,17050,47500
725,729,239.53,15.31,10000,50000
760,764,429.78,10.49,20000,165000
685,689,261.41,9.17,8200,45363
685,689,213.43,10.15,6600,39000
665,669,313.86,14.64,9100,36000
705,709,281.66,7.91,9000,70000
715,719,315.64,6.49,10300,68000
665,669,485.13,12.99,14400,80000
700,704,447.15,13.11,13250,50000
695,699,132.64,13.65,3900,91860
670,674,676.2,20.99,25000,75000
660,664,361.52,12.69,16000,55000
665,669,461.33,15.31,13250,70000
670,674,423.38,16.55,11950,203000
700,704,372.13,13.98,16000,53000
750,754,259.42,10.75,12000,45000
660,664,316.8,11.55,9600,55000
670,674,247.11,16.29,7000,38500
695,699,250.76,15.61,10400,48000
690,694,349.55,15.59,10000,42000
675,679,785.62,10.99,24000,202000
665,669,200.3,18.2,5525,55000
680,684,485.96,13.11,14400,45000
720,724,670,8.9,21100,80000
665,669,334.36,9.75,10400,40000
710,714,669.46,9.17,21000,140000
690,694,326.07,10.99,15000,40000
715,719,928.72,18.25,25600,65000
660,664,33.36,12.29,1000,50000
755,759,258.45,11.83,7800,85757
685,689,241.12,15.61,10000,97000
675,679,450.44,18.49,12375,45000
660,664,557.08,15.31,16000,113500
755,759,229.53,9.17,7200,56000
665,669,322.04,12.69,9600,58000
740,744,61.29,6.49,2000,60000
705,709,455.96,10.64,14000,130000
745,749,30.71,6.62,1000,38400
675,679,315.48,23.4,11100,160000
660,664,369.51,22.47,13250,53000
715,719,917.97,19.52,35000,91000
755,759,476.34,6.68,15500,62000
720,724,1145.69,10.99,35000,225000
745,749,375.49,7.9,12000,39900
720,724,99.55,18.75,2725,24000
735,739,318.64,9.99,15000,70000
730,734,1181.15,13.11,35000,88000
710,714,626.3,15.61,25975,56500
685,689,150.09,12.29,4500,75000
710,714,614.38,11.99,18500,76500
760,764,700.7,14.17,30000,214992
675,679,259.35,18.49,7125,67641
720,724,395.75,6.97,20000,45000
675,679,263.7,11.47,8000,68000
710,714,1071.68,17.14,30000,93000
675,679,417.58,15.27,12000,68500
690,694,254.37,8.99,8000,125000
670,674,282.41,16.29,8000,25000
700,704,799.05,15.22,33425,75000
680,684,338.74,14.49,14400,41000
710,714,467.03,11.99,21000,70000
720,724,291.75,12.39,13000,150000
695,699,336.11,22.99,11925,30000
665,669,172.48,14.65,5000,105000
690,694,754.81,17.57,30000,91000
660,664,328.3,16.29,9300,34567.32
670,674,727.11,19.05,28000,152000
670,674,546.44,18.55,15000,76000
670,674,258.45,16.99,7250,48000
690,694,342.5,14.99,14400,36000
675,679,677.07,13.33,20000,78000
780,784,153.52,6.62,5000,120000
680,684,626.82,11.53,19000,88000
690,694,405.01,19.19,15550,34407
715,719,304.13,11.67,9200,106828
695,699,593.67,13.98,17375,70000
660,664,261.94,20.5,7000,48000
700,704,271.01,9.99,8400,49000
685,689,311.15,15.8,8875,48746
675,679,546.6,21.49,20000,45000
695,699,536.92,18.25,14800,62400
685,689,223.16,9.17,7000,136000
665,669,282.82,8.19,9000,60000
670,674,668.98,12.49,20000,74000
685,689,593.06,11.44,18000,48000
690,694,337.47,13.11,10000,19200
670,674,361.52,12.69,16000,60000
740,744,508.06,8.9,16000,85000
725,729,234.33,10.59,7200,35000
680,684,250.33,7.9,8000,1e+05
725,729,633.42,11.53,19200,90000
690,694,546.77,13.99,16000,75000
685,689,602.08,12.49,18000,110000
695,699,361.67,15.61,15000,50000
730,734,586.92,10.99,27000,165000
720,724,469.36,7.9,15000,103400
675,679,300.34,16.99,8425,42000
680,684,242.98,13.11,7200,30000
660,664,827.8,20.99,21975,55000
675,679,296.92,11.53,9000,36000
715,719,884.4,17.77,35000,111000
675,679,257.64,8.18,8200,50000
690,694,1043.2,15.22,30000,148000
745,749,304.84,8.9,9600,90000
695,699,846.57,13.35,25000,99000
700,704,266.13,14.33,7750,30000
680,684,740.43,19.72,20000,65000
715,719,93.49,7.62,3000,38000
730,734,750.86,7.89,24000,1e+05
705,709,33.57,12.74,1000,43000
690,694,258.71,10.15,8000,42000
750,754,145.52,10.15,4500,19200
660,664,301.86,17.56,12000,50000
675,679,283.44,16.55,8000,38000
665,669,236.98,13.33,7000,1e+05
705,709,720.81,18.64,28000,72000
730,734,373.94,7.62,12000,39000
780,784,876,7.89,28000,350000
660,664,88.4,22.47,2300,30000
730,734,53.52,12.49,1600,43200
660,664,263.02,18.75,7200,85000
725,729,185.02,6.91,6000,33600
705,709,446.87,16.2,12675,50000
705,709,107.9,13.05,3200,22000
700,704,603.26,8.18,19200,62000
820,824,67.55,6.62,2200,83000
715,719,339.79,9.71,16100,75000
680,684,454.78,18.55,17700,55000
670,674,612.23,13.66,18000,130000
680,684,729.84,16.29,20675,65000
690,694,525.56,12.99,15600,50000
725,729,159.41,11.99,4800,250000
665,669,352.87,19.2,9600,50000
675,679,328.53,14.09,9600,115000
670,674,225.84,9.99,7000,90000
690,694,672.44,12.85,20000,98000
675,679,972.01,15.1,28000,70000
690,694,161.99,13.11,4800,50000
665,669,349.65,15.61,10000,52000
700,704,529.69,16.49,21550,45000
685,689,539.46,18.54,21000,82068
710,714,736.89,6.62,24000,95400
710,714,286.23,11.14,8725,32041.54
715,719,76.19,8.88,2400,32280
705,709,373.22,7.49,12000,94200
720,724,736.89,6.62,24000,95000
670,674,163.67,10.99,5000,30000
670,674,82.22,14.16,2400,82500
695,699,335.93,12.79,10000,60000
690,694,558.17,17.14,15625,45000
670,674,725.12,18.75,19850,50000
670,674,638.25,18.25,25000,105000
715,719,381.04,8.9,12000,52000
715,719,260.93,10.74,8000,61000
665,669,235.83,12.99,7000,45000
690,694,652.41,10.75,20000,45500
680,684,401.39,12.49,12000,103000
705,709,663.35,13.67,19500,55156
705,709,619.28,18.75,24000,86000
705,709,686.77,14.33,20000,52000
660,664,474.65,20.99,12600,35000
660,664,248.78,10.99,7600,53000
705,709,882.47,8.39,28000,128000
670,674,202.14,12.99,6000,24336
720,724,373.63,11.99,16800,53000
695,699,1010.68,12.99,30000,140000
670,674,418.94,18.55,11500,85000
710,714,263.02,18.75,7200,45000
790,794,989.71,11.53,30000,1e+05
660,664,304.74,18.25,8400,54000
660,664,189.28,18.49,5200,32000
665,669,324.65,21,12000,60000
715,719,464.4,8.9,14625,62000
665,669,325.69,10.64,10000,99000
670,674,315.12,8.38,10000,195000
690,694,600.36,12.29,18000,125000
745,749,318.79,9.17,10000,43000
670,674,254.8,18.49,7000,47000
720,724,654.68,10.99,20000,70000
695,699,1195.88,13.98,35000,98000
665,669,981.73,24.11,34050,92500
745,749,187.75,7.9,6000,54000
660,664,326.57,13.67,9600,65000
720,724,150.15,7.88,4800,22000
700,704,503.93,9.49,24000,115000
670,674,486.21,22.15,17550,40000
720,724,524.84,6.99,17000,56000
670,674,107.19,12.59,3200,23000
725,729,166.77,12.29,5000,13000
725,729,480.43,9.49,15000,116000
670,674,344.17,14.49,10000,57939
760,764,258.47,10.59,12000,82500
695,699,687.54,19.91,26000,78000
765,769,173.66,6.99,5625,1e+05
725,729,245.92,6.91,13000,70000
735,739,225.87,5.32,7500,38000
695,699,523.75,10.99,16000,65000
735,739,167.49,12.59,5000,60000
665,669,364.72,23.43,12825,102000
675,679,263.89,18.99,7200,20000
695,699,129.37,10.16,4000,45000
720,724,156.41,7.88,5000,41000
680,684,598.69,17.56,23800,85000
680,684,478.19,9.17,15000,73000
730,734,161.34,11.12,7400,21636
780,784,687.98,13.35,30000,63000
710,714,697.38,17.1,28000,120000
670,674,639.3,24.5,22000,111714
670,674,279.56,16.24,7925,106000
660,664,506.21,13.11,15000,70000
670,674,369.57,13.67,16000,80000
700,704,380.82,17.99,15000,104000
715,719,665.93,12.35,29700,80000
665,669,268.29,16.29,7600,48000
675,679,313.08,16.24,8875,130000
705,709,285.61,10.99,8725,46189.03
680,684,688.91,11.14,21000,111000
700,704,164.03,11.14,5000,85000
730,734,654.39,7.62,21000,130000
765,769,125.17,7.9,4000,58000
670,674,963.25,14.46,28000,120000
685,689,165.29,11.67,5000,2e+05
700,704,337.19,13.05,10000,35000
815,819,170.44,6.03,5600,44000
670,674,434.21,21.15,16000,104000
730,734,768.19,18.39,30000,75000
680,684,1295.74,19.72,35000,116000
675,679,491.01,10.99,15000,55300
685,689,308.27,6.89,10000,92500
680,684,501.52,15.61,20800,62000
660,664,329.91,11.53,10000,98000
675,679,1015.6,13.33,30000,102000
790,794,258.47,10.59,12000,42000
660,664,445.6,16.99,12500,58000
690,694,356.79,15.99,14675,51000
675,679,502.72,8.18,16000,110000
675,679,333.41,8.9,10500,45000
700,704,264.89,19.99,10000,38000
665,669,267.53,19.52,10200,61260.96
725,729,148.25,17.57,4125,32000
670,674,806.36,21.7,21200,48000
675,679,135.46,13.35,4000,34560
675,679,200.84,9.17,6300,208000
700,704,229.64,11.14,7000,40000
720,724,469.36,7.9,15000,99800
680,684,689.3,14.59,20000,38000
670,674,365.03,22.45,9500,32000
705,709,217.59,11.22,6625,50000
770,774,453.25,14.65,19200,77966
660,664,514.12,17.1,14400,38000
700,704,678.77,22.4,24375,55000
670,674,157.13,10.99,4800,48000
660,664,417.71,22.4,15000,60000
710,714,176.5,8.39,5600,50000
660,664,178.52,17.1,5000,30000
660,664,839.16,15.61,24000,70000
680,684,516.1,14.47,15000,62800
670,674,1269.73,18.25,35000,150000
710,714,680.45,13.68,20000,75000
690,694,381.87,12.59,11400,51000
730,734,734.36,9.8,22825,66000
690,694,1201.5,14.31,35000,91000
710,714,912.55,19.24,35000,85000
680,684,603.81,12.69,18000,68000
675,679,609.14,17.57,16950,40500
715,719,114.32,8.9,3600,70000
665,669,544.36,25.78,13550,80000
710,714,347.66,13.98,10175,60000
800,804,495.36,11.14,15100,61000
735,739,869.66,16.99,35000,98500
660,664,85.89,17.27,2400,72500
745,749,629.57,12.85,18725,42000
700,704,503.18,12.69,15000,77000
680,684,414.43,9.17,13000,69000
665,669,480.12,15.41,20000,45000
690,694,673.79,12.99,20000,260000
660,664,432.22,12.99,19000,55000
660,664,475.26,21.67,17325,48143
660,664,419.29,19.48,16000,60000
660,664,251.98,19.52,6825,28000
685,689,533.65,12.29,16000,52000
705,709,200.7,12.49,6000,95000
680,684,215.18,12.85,6400,40000
695,699,162.62,17.57,4525,40000
675,679,422.42,7.9,13500,74000
695,699,626.72,15.31,18000,52000
680,684,150.92,17.56,4200,39000
705,709,596.34,16.99,24000,78000
675,679,206.03,14.33,6000,76000
800,804,353.29,5.93,11625,40000
660,664,236.98,13.33,7000,80000
665,669,347.83,7.39,11200,105000
675,679,504.33,12.85,15000,54000
735,739,1103.09,8.39,35000,1e+05
680,684,158.86,16.29,4500,48000
730,734,312.91,7.9,10000,30000
670,674,182.86,13.35,5400,23000
675,679,219.94,8.18,7000,67000
685,689,404.97,13.11,12000,110000
690,694,235.69,10.99,7200,70000
675,679,539.45,18.99,20800,53000
705,709,343.63,19.97,9250,35000
700,704,665.44,12.12,20000,60000
670,674,914.87,19.36,35000,110000
675,679,1177.27,12.88,35000,295000
670,674,450.96,22.99,16000,60000
680,684,218.98,12.99,6500,40000
670,674,287.5,17.57,8000,28000
690,694,269.52,12.99,8000,74000
695,699,289.47,12.12,8700,55000
720,724,869.57,7.39,28000,110000
710,714,43.3,17.86,1200,40000
665,669,869.66,16.99,35000,145000
690,694,284.97,13.48,8400,78600
685,689,353.71,18.25,9750,42000
660,664,328.86,16.99,9225,27284
660,664,311.95,14.99,9000,35000
660,664,234.15,12.49,7000,58000
665,669,80.28,12.49,2400,43796
680,684,267.6,12.49,8000,53000
710,714,527.95,7.39,17000,62000
705,709,603.48,17.86,16725,80000
665,669,336.22,12.85,10000,90000
690,694,491.01,10.99,15000,62000
690,694,166.05,11.99,5000,75000
705,709,385.79,15.61,16000,65000
685,689,655,19.47,25000,125000
665,669,584.82,24.5,20125,64500
720,724,476.3,8.9,15000,65000
670,674,275.96,14.65,8000,68200
705,709,400.59,12.35,12000,94500
665,669,630.57,23.26,22250,48000
660,664,171.37,15.99,4875,16320
690,694,322.63,9.99,10000,81000
710,714,187.72,7.89,6000,59000
715,719,645.25,9.99,20000,95000
675,679,474.09,19.72,18000,50000
660,664,622.84,18.75,17050,80000
660,664,178.94,19.47,4850,25155
680,684,33.21,11.99,1000,62000
760,764,390.74,13.98,16800,57000
730,734,96.79,9.99,3000,65000
670,674,138.4,13.99,4050,30000
785,789,650.92,7.26,21000,70000
700,704,347.21,15.61,14400,115000
695,699,263.04,17.27,7350,35000
685,689,340.17,16.29,13900,50858.04
735,739,376.4,11.86,20000,60000
765,769,373.94,7.62,12000,47000
770,774,578.28,6.03,19000,101000
720,724,669.32,18.64,26000,50000
685,689,578.42,15.59,24000,80000
705,709,289.34,15.61,12000,87000
725,729,675.11,16.77,27300,51000
670,674,177,16.49,5000,55000
690,694,593.32,11.47,18000,70000
660,664,813.55,23.4,28625,85000
690,694,291.76,15.99,12000,86400
700,704,809.62,13.67,23800,56000
730,734,705.7,14.49,30000,76580
690,694,308.49,15.59,12800,53000
670,674,787.48,22.45,28250,109000
750,754,929.89,7.26,30000,70000
700,704,966.27,21.98,35000,1e+05
695,699,616.56,9.67,19200,108189.96
695,699,300.11,9.17,14400,40000
660,664,226.92,8.39,7200,62000
660,664,293.51,12.29,8800,47000
725,729,1070.8,15.61,30625,77000
705,709,168.73,13.11,5000,17676
735,739,576.36,22.45,15000,50000
680,684,265.68,11.99,8000,70000
660,664,169.75,13.53,5000,45000
675,679,263.78,11.49,8000,45000
695,699,282.29,11.99,8500,30513
665,669,433.59,12.29,13000,50000
725,729,295.02,6.68,9600,50000
705,709,417.08,23.4,14675,36000
715,719,294.52,8.9,9275,78042
705,709,170.13,7.12,5500,58000
660,664,137.65,14.48,4000,30000
680,684,654.68,10.99,20000,75000
680,684,215.62,12.99,6400,60000
690,694,502.54,16.99,20225,46000
675,679,440.18,19.05,12000,37000
665,669,139.86,15.61,4000,35000
675,679,448.28,15.31,12875,65000
780,784,295.56,7.51,9500,34800
690,694,404.97,13.11,12000,70000
665,669,298.88,17.1,12000,75000
700,704,473.12,22.95,16800,75000
685,689,202.14,12.99,6000,52500
685,689,641.97,25.57,21625,61000
705,709,661.14,11.67,20000,160000
710,714,458.28,10.99,14000,92000
725,729,41.29,14.46,1200,35000
695,699,236.76,18.54,6500,22800
725,729,318.64,9.99,15000,55000
730,734,250.33,7.9,8000,55000
660,664,271.57,22.9,7025,35000
660,664,87.66,15.81,2500,23600
695,699,441.91,10.99,13500,120000
660,664,458.45,13.33,20000,85000
665,669,206.97,14.65,6000,60000
670,674,261.64,14.99,11000,49000
725,729,241.16,9.76,7500,78000
660,664,536.13,18.25,21000,75000
700,704,1091.97,18.49,30000,150000
695,699,237.23,11.44,7200,65000
725,729,472.75,8.39,15000,105000
680,684,607.45,13.11,18000,43000
690,694,614.51,25.57,20700,46950
690,694,244.64,11.99,11000,58000
665,669,298.17,16.99,12000,56570
715,719,753.51,21,20000,60000
710,714,194.06,10.16,6000,65000
740,744,472.14,14.65,20000,56000
685,689,664.2,11.99,20000,105000
670,674,301.91,12.69,9000,25000
715,719,446.11,12.12,20000,215000
665,669,132.4,19.24,3600,25000
730,734,335.06,8.59,10600,112412
715,719,876,7.89,28000,158000
675,679,368.86,12.69,16325,151000
715,719,186.61,7.49,6000,25200
695,699,168.45,12.99,5000,52000
695,699,321.32,9.71,10000,70000
730,734,441.82,21.99,16000,92000
725,729,255.15,9.2,8000,35000
660,664,135.42,13.33,4000,40000
760,764,152.18,6.03,5000,55530
665,669,388.11,10.16,12000,80500
725,729,787.33,11.14,24000,70200
725,729,390.88,10.65,12000,55000
660,664,1213.5,18.25,33450,140000
745,749,813.1,5.32,27000,125000
675,679,350.98,15.88,10000,55000
720,724,392.63,11.14,18000,91000
690,694,275.26,14.47,8000,46640
685,689,182.8,13.65,5375,90000
720,724,735.14,12.42,22000,100800
720,724,49.59,11.67,1500,39000
685,689,521.82,19.99,19700,65000
710,714,1008.51,24.08,35000,90000
740,744,156.39,8.9,4925,59000
670,674,514.94,19.24,19750,39520
720,724,424.01,10.74,13000,26000
745,749,814.03,13.98,35000,150000
665,669,336.64,12.39,15000,103872
820,824,481.05,14.99,20225,45000
685,689,390.83,10.64,12000,70000
660,664,164.96,11.53,5000,90000
660,664,970.26,19.19,26400,58677
670,674,271.14,12.69,12000,96000
680,684,892.02,22.45,32000,128000
690,694,611.98,6.39,20000,1e+05
730,734,395.48,13.99,17000,50000
660,664,181.82,11.67,5500,25000
695,699,621.48,17.76,24600,69000
685,689,321.33,17.1,9000,76000
700,704,317.54,8.9,10000,25000
660,664,969.54,16.2,27500,67800
700,704,218.63,15.95,9000,80000
700,704,470.95,17.99,18550,110000
665,669,329.91,11.53,10000,37260
670,674,554.09,22.15,20000,92000
660,664,186.33,20.2,5000,13000
670,674,1184.86,13.33,35000,95000
690,694,397.33,19.99,15000,1e+05
710,714,687.42,10.99,21000,95000
670,674,874.12,15.61,25000,102000
715,719,467,9.99,14475,40000
660,664,52.78,18.49,1450,30000
665,669,453.83,23.63,11625,35000
680,684,287.5,17.57,8000,21680
685,689,263.68,12.12,7925,40000
710,714,771.02,6.92,25000,120000
685,689,274.59,14.3,8000,42000
685,689,213.89,16.99,6000,58000
670,674,306.22,15.27,8800,39000
685,689,332.72,12.12,10000,37000
705,709,100.78,12.79,3000,75000
810,814,116.68,6.62,3800,31000
775,779,267.47,9.62,20000,65000
665,669,186.2,13.33,5500,40000
665,669,325.09,13.35,9600,40000
795,799,815.61,14.65,34550,72000
680,684,323.9,20.99,11975,25000
755,759,283.14,7.89,14000,54000
660,664,571.3,19.05,22000,75000
670,674,282.95,12.98,8400,51996
685,689,601.33,17.57,23900,52000
685,689,336.9,12.99,10000,140000
765,769,221.6,7.49,7125,52000
725,729,355.44,16.78,10000,148000
730,734,652.82,14.09,28000,105000
730,734,639.15,6.03,21000,495000
670,674,306.36,18.25,12000,51500
670,674,180.67,9.99,5600,41000
665,669,343.35,24.99,11700,39000
725,729,265.68,11.99,8000,65000
680,684,803.02,20.49,30000,70000
750,754,367.74,10.65,17050,30660
710,714,823.31,14.49,35000,124995
705,709,265.68,11.99,8000,27000
685,689,252.17,12.85,7500,58000
670,674,1223.77,15.61,35000,90000
745,749,493.82,6.97,16000,63120
735,739,346.31,13.65,15000,64000
660,664,392.28,15.1,11300,143060
660,664,231,16.77,6500,112000
670,674,264.76,16.29,7500,28000
670,674,377.32,12.99,11200,35000
660,664,664.7,20.99,24575,70000
675,679,174.6,19.2,4750,19200
670,674,757.34,20.99,28000,85000
745,749,92.12,6.62,3000,30000
665,669,422.86,24.08,14675,52000
670,674,215.62,12.99,6400,40000
670,674,478.19,9.17,15000,110000
720,724,317.54,8.9,10000,93000
670,674,415.87,14.98,12000,40000
690,694,310.98,10.99,9500,120000
695,699,610.64,13.48,18000,36720
690,694,999.38,23.63,35000,120000
800,804,245.63,6.62,8000,70000
665,669,1049.17,26.06,35000,82000
670,674,248.08,15.31,7125,20000
685,689,295.51,17.77,8200,55000
660,664,372.48,20.2,14000,33000
690,694,392.81,10.99,12000,52500
665,669,250.37,12.35,7500,25000
705,709,687.68,13.33,30000,110092
685,689,164.96,11.53,5000,67500
695,699,254.91,9.99,12000,37000
660,664,392.84,7.12,12700,75000
735,739,385.74,9.17,12100,55000
690,694,84.23,12.99,2500,57000
665,669,251.36,8.18,8000,50000
665,669,506.35,17.86,20000,49000
675,679,256.67,16.99,7200,113000
660,664,178.94,17.27,5000,66000
720,724,305.31,6.24,10000,72000
715,719,736.89,6.62,24000,85000
685,689,946.68,20.99,35000,2e+05
685,689,542.8,15.95,25000,69996
735,739,235.27,11.49,15000,91000
700,704,789.76,15.1,22750,70358
690,694,415.49,19.05,16000,53000
705,709,867.15,11.49,26300,96000
660,664,103.33,20.8,2750,104000
680,684,330.57,11.67,10000,60000
710,714,450.59,14.99,13000,36000
670,674,730.6,18.75,20000,1e+05
680,684,154,14.09,4500,50000
675,679,405.96,16.29,11500,44000
665,669,465.9,16.55,13150,36564
680,684,446.83,9.25,14000,160000
680,684,358.97,16.82,14500,32000
690,694,344.17,14.49,10000,30097.6
680,684,238.06,13.65,7000,45000
695,699,389.03,18.99,15000,57000
690,694,274.71,14.33,8000,325000
675,679,592.75,10.64,18200,51000
690,694,336.22,12.85,10000,54000
665,669,188.86,14.33,5500,40000
680,684,635.07,8.9,20000,70000
670,674,148.09,19.72,4000,35000
740,744,325.46,7.26,10500,70000
675,679,311.03,11.55,9425,67000
690,694,535.74,13.11,15875,36000
680,684,217.72,13.67,6400,115731
710,714,559.83,7.49,18000,95000
700,704,602.79,15.61,25000,65000
660,664,423.4,13.65,12450,92000
695,699,328.06,11.14,10000,81600
690,694,1262.88,17.86,35000,140000
720,724,717.59,21.18,19000,41321
745,749,318.79,9.17,10000,55000
665,669,469.33,21.98,17000,67000
675,679,944.19,21.18,25000,50000
665,669,757.51,8.49,24000,80000
665,669,235.83,12.99,7000,52000
740,744,802.65,13.35,35000,96000
725,729,500.58,7.89,16000,60000
680,684,461.22,17.76,12800,75000
725,729,526.87,14.3,15350,110000
660,664,221.41,15.41,6350,27000
680,684,688.13,14.47,20000,99500
670,674,451.03,17.86,12500,63000
695,699,261.88,10.99,8000,40000
